<<<<<<< HEAD
248.000 0.001
248.050 0.001
248.099 0.001
248.149 0.001
248.199 0.001
248.248 0.001
248.298 0.001
248.348 0.001
248.397 0.001
248.447 0.001
248.497 0.001
248.547 0.001
248.597 0.001
248.646 0.001
248.696 0.001
248.746 0.001
248.796 0.001
248.846 0.001
248.896 0.001
248.946 0.001
248.996 0.001
249.046 0.001
249.096 0.001
249.146 0.001
249.196 0.001
249.246 0.001
249.296 0.001
249.346 0.001
249.397 0.001
249.447 0.001
249.497 0.001
249.547 0.001
249.597 0.001
249.648 0.001
249.698 0.001
249.748 0.001
249.799 0.001
249.849 0.001
249.899 0.001
249.950 0.001
250.000 0.001
250.050 0.001
250.101 0.001
250.151 0.001
250.202 0.001
250.252 0.001
250.303 0.001
250.353 0.001
250.404 0.001
250.454 0.001
250.505 0.001
250.556 0.001
250.606 0.001
250.657 0.001
250.708 0.001
250.758 0.001
250.809 0.001
250.860 0.001
250.911 0.001
250.961 0.001
251.012 0.001
251.063 0.001
251.114 0.001
251.165 0.001
251.216 0.001
251.266 0.001
251.317 0.001
251.368 0.001
251.419 0.001
251.470 0.001
251.521 0.001
251.572 0.001
251.623 0.001
251.674 0.001
251.726 0.001
251.777 0.001
251.828 0.001
251.879 0.001
251.930 0.001
251.981 0.001
252.033 0.001
252.084 0.001
252.135 0.001
252.186 0.001
252.238 0.001
252.289 0.001
252.340 0.001
252.392 0.001
252.443 0.001
252.494 0.001
252.546 0.001
252.597 0.001
252.649 0.001
252.700 0.001
252.752 0.001
252.803 0.001
252.855 0.001
252.906 0.001
252.958 0.001
253.010 0.001
253.061 0.001
253.113 0.001
253.165 0.001
253.216 0.001
253.268 0.001
253.320 0.001
253.371 0.001
253.423 0.001
253.475 0.001
253.527 0.001
253.579 0.001
253.631 0.001
253.682 0.001
253.734 0.001
253.786 0.001
253.838 0.001
253.890 0.001
253.942 0.001
253.994 0.001
254.046 0.001
254.098 0.001
254.150 0.001
254.203 0.001
254.255 0.001
254.307 0.001
254.359 0.001
254.411 0.001
254.463 0.001
254.516 0.001
254.568 0.001
254.620 0.001
254.672 0.001
254.725 0.001
254.777 0.001
254.829 0.001
254.882 0.001
254.934 0.001
254.987 0.001
255.039 0.001
255.092 0.001
255.144 0.001
255.197 0.001
255.249 0.001
255.302 0.001
255.354 0.001
255.407 0.001
255.459 0.001
255.512 0.001
255.565 0.001
255.617 0.001
255.670 0.001
255.723 0.001
255.776 0.001
255.828 0.001
255.881 0.001
255.934 0.001
255.987 0.001
256.040 0.001
256.093 0.001
256.145 0.001
256.198 0.001
256.251 0.001
256.304 0.001
256.357 0.001
256.410 0.001
256.463 0.001
256.516 0.001
256.569 0.001
256.623 0.001
256.676 0.001
256.729 0.001
256.782 0.001
256.835 0.001
256.888 0.001
256.942 0.001
256.995 0.001
257.048 0.001
257.101 0.001
257.155 0.001
257.208 0.001
257.261 0.001
257.315 0.001
257.368 0.001
257.422 0.001
257.475 0.001
257.529 0.001
257.582 0.001
257.636 0.001
257.689 0.001
257.743 0.001
257.796 0.001
257.850 0.001
257.903 0.001
257.957 0.001
258.011 0.001
258.065 0.001
258.118 0.001
258.172 0.001
258.226 0.001
258.280 0.001
258.333 0.001
258.387 0.001
258.441 0.001
258.495 0.001
258.549 0.001
258.603 0.001
258.657 0.001
258.711 0.001
258.765 0.001
258.819 0.001
258.873 0.001
258.927 0.001
258.981 0.001
259.035 0.001
259.089 0.001
259.143 0.001
259.197 0.001
259.252 0.001
259.306 0.001
259.360 0.001
259.414 0.001
259.469 0.001
259.523 0.001
259.577 0.001
259.631 0.001
259.686 0.001
259.740 0.001
259.795 0.001
259.849 0.001
259.904 0.001
259.958 0.001
260.013 0.001
260.067 0.001
260.122 0.001
260.176 0.001
260.231 0.001
260.285 0.001
260.340 0.001
260.395 0.001
260.449 0.001
260.504 0.001
260.559 0.001
260.614 0.001
260.668 0.001
260.723 0.001
260.778 0.001
260.833 0.001
260.888 0.001
260.943 0.001
260.998 0.001
261.053 0.001
261.108 0.001
261.163 0.001
261.218 0.001
261.273 0.001
261.328 0.001
261.383 0.001
261.438 0.001
261.493 0.001
261.548 0.001
261.603 0.001
261.659 0.001
261.714 0.001
261.769 0.001
261.824 0.001
261.880 0.001
261.935 0.001
261.990 0.001
262.046 0.001
262.101 0.001
262.156 0.001
262.212 0.001
262.267 0.001
262.323 0.001
262.378 0.001
262.434 0.001
262.489 0.001
262.545 0.001
262.601 0.001
262.656 0.001
262.712 0.001
262.768 0.001
262.823 0.001
262.879 0.001
262.935 0.001
262.990 0.001
263.046 0.001
263.102 0.001
263.158 0.001
263.214 0.001
263.270 0.001
263.326 0.001
263.381 0.001
263.437 0.001
263.493 0.001
263.549 0.001
263.605 0.001
263.661 0.001
263.718 0.001
263.774 0.001
263.830 0.001
263.886 0.001
263.942 0.001
263.998 0.001
264.055 0.001
264.111 0.001
264.167 0.001
264.223 0.001
264.280 0.001
264.336 0.001
264.392 0.001
264.449 0.001
264.505 0.001
264.562 0.001
264.618 0.001
264.674 0.001
264.731 0.001
264.788 0.001
264.844 0.001
264.901 0.001
264.957 0.001
265.014 0.001
265.071 0.001
265.127 0.001
265.184 0.001
265.241 0.001
265.297 0.001
265.354 0.001
265.411 0.001
265.468 0.001
265.525 0.001
265.581 0.001
265.638 0.001
265.695 0.001
265.752 0.001
265.809 0.001
265.866 0.001
265.923 0.001
265.980 0.001
266.037 0.001
266.094 0.001
266.152 0.001
266.209 0.001
266.266 0.001
266.323 0.001
266.380 0.001
266.437 0.001
266.495 0.001
266.552 0.001
266.609 0.001
266.667 0.001
266.724 0.001
266.781 0.001
266.839 0.001
266.896 0.001
266.954 0.001
267.011 0.001
267.069 0.001
267.126 0.001
267.184 0.001
267.241 0.001
267.299 0.001
267.357 0.001
267.414 0.001
267.472 0.001
267.530 0.001
267.587 0.001
267.645 0.001
267.703 0.001
267.761 0.001
267.819 0.001
267.876 0.001
267.934 0.001
267.992 0.001
268.050 0.001
268.108 0.001
268.166 0.001
268.224 0.001
268.282 0.001
268.340 0.001
268.398 0.001
268.456 0.001
268.515 0.001
268.573 0.001
268.631 0.001
268.689 0.001
268.747 0.001
268.806 0.001
268.864 0.001
268.922 0.001
268.980 0.001
269.039 0.001
269.097 0.001
269.156 0.001
269.214 0.001
269.273 0.001
269.331 0.001
269.390 0.001
269.448 0.001
269.507 0.001
269.565 0.001
269.624 0.001
269.682 0.001
269.741 0.001
269.800 0.001
269.859 0.001
269.917 0.001
269.976 0.001
270.035 0.001
270.094 0.001
270.153 0.001
270.211 0.001
270.270 0.001
270.329 0.001
270.388 0.001
270.447 0.001
270.506 0.001
270.565 0.001
270.624 0.001
270.683 0.001
270.742 0.001
270.801 0.001
270.861 0.001
270.920 0.001
270.979 0.001
271.038 0.001
271.098 0.001
271.157 0.001
271.216 0.001
271.275 0.001
271.335 0.001
271.394 0.001
271.454 0.001
271.513 0.001
271.572 0.001
271.632 0.001
271.691 0.001
271.751 0.001
271.811 0.001
271.870 0.001
271.930 0.001
271.989 0.001
272.049 0.001
272.109 0.001
272.169 0.001
272.228 0.001
272.288 0.001
272.348 0.001
272.408 0.001
272.468 0.001
272.527 0.001
272.587 0.001
272.647 0.001
272.707 0.001
272.767 0.001
272.827 0.001
272.887 0.001
272.947 0.001
273.007 0.001
273.068 0.001
273.128 0.001
273.188 0.001
273.248 0.001
273.308 0.001
273.369 0.001
273.429 0.001
273.489 0.001
273.550 0.001
273.610 0.001
273.670 0.001
273.731 0.001
273.791 0.001
273.852 0.001
273.912 0.001
273.973 0.001
274.033 0.001
274.094 0.001
274.154 0.001
274.215 0.001
274.276 0.001
274.336 0.001
274.397 0.001
274.458 0.001
274.518 0.001
274.579 0.001
274.640 0.001
274.701 0.001
274.762 0.001
274.823 0.001
274.884 0.001
274.945 0.001
275.006 0.001
275.067 0.001
275.128 0.001
275.189 0.001
275.250 0.001
275.311 0.001
275.372 0.001
275.433 0.001
275.494 0.001
275.556 0.001
275.617 0.001
275.678 0.001
275.739 0.001
275.801 0.001
275.862 0.001
275.923 0.001
275.985 0.001
276.046 0.001
276.108 0.001
276.169 0.001
276.231 0.001
276.292 0.001
276.354 0.001
276.416 0.001
276.477 0.001
276.539 0.001
276.600 0.001
276.662 0.001
276.724 0.001
276.786 0.001
276.848 0.001
276.909 0.001
276.971 0.001
277.033 0.001
277.095 0.001
277.157 0.001
277.219 0.001
277.281 0.001
277.343 0.001
277.405 0.001
277.467 0.001
277.529 0.001
277.591 0.001
277.653 0.001
277.716 0.001
277.778 0.001
277.840 0.001
277.902 0.001
277.965 0.001
278.027 0.001
278.089 0.001
278.152 0.001
278.214 0.001
278.276 0.001
278.339 0.001
278.401 0.001
278.464 0.001
278.527 0.001
278.589 0.001
278.652 0.001
278.714 0.001
278.777 0.001
278.840 0.001
278.902 0.001
278.965 0.001
279.028 0.001
279.091 0.001
279.154 0.001
279.216 0.001
279.279 0.001
279.342 0.001
279.405 0.001
279.468 0.001
279.531 0.001
279.594 0.001
279.657 0.001
279.720 0.001
279.783 0.001
279.847 0.001
279.910 0.001
279.973 0.001
280.036 0.001
280.099 0.001
280.163 0.001
280.226 0.001
280.289 0.001
280.353 0.001
280.416 0.001
280.480 0.001
280.543 0.001
280.606 0.001
280.670 0.001
280.734 0.001
280.797 0.001
280.861 0.001
280.924 0.001
280.988 0.001
281.052 0.001
281.115 0.001
281.179 0.001
281.243 0.001
281.307 0.001
281.371 0.001
281.434 0.001
281.498 0.001
281.562 0.001
281.626 0.001
281.690 0.001
281.754 0.001
281.818 0.001
281.882 0.001
281.946 0.001
282.010 0.001
282.075 0.001
282.139 0.001
282.203 0.001
282.267 0.001
282.332 0.001
282.396 0.001
282.460 0.001
282.524 0.001
282.589 0.001
282.653 0.001
282.718 0.001
282.782 0.001
282.847 0.001
282.911 0.001
282.976 0.001
283.040 0.001
283.105 0.001
283.170 0.001
283.234 0.001
283.299 0.001
283.364 0.001
283.429 0.001
283.493 0.001
283.558 0.001
283.623 0.001
283.688 0.001
283.753 0.001
283.818 0.001
283.883 0.001
283.948 0.001
284.013 0.001
284.078 0.001
284.143 0.001
284.208 0.001
284.273 0.001
284.338 0.001
284.404 0.001
284.469 0.001
284.534 0.001
284.599 0.001
284.665 0.001
284.730 0.001
284.796 0.001
284.861 0.001
284.926 0.001
284.992 0.001
285.057 0.001
285.123 0.001
285.189 0.001
285.254 0.001
285.320 0.001
285.386 0.001
285.451 0.001
285.517 0.001
285.583 0.001
285.648 0.001
285.714 0.001
285.780 0.001
285.846 0.001
285.912 0.001
285.978 0.001
286.044 0.001
286.110 0.001
286.176 0.001
286.242 0.001
286.308 0.001
286.374 0.001
286.440 0.001
286.506 0.001
286.573 0.001
286.639 0.001
286.705 0.001
286.772 0.001
286.838 0.001
286.904 0.001
286.971 0.001
287.037 0.001
287.103 0.001
287.170 0.001
287.237 0.001
287.303 0.001
287.370 0.001
287.436 0.001
287.503 0.001
287.570 0.001
287.636 0.001
287.703 0.001
287.770 0.001
287.837 0.001
287.903 0.001
287.970 0.001
288.037 0.001
288.104 0.001
288.171 0.001
288.238 0.001
288.305 0.001
288.372 0.001
288.439 0.001
288.506 0.001
288.573 0.001
288.641 0.001
288.708 0.001
288.775 0.001
288.842 0.001
288.910 0.001
288.977 0.001
289.044 0.001
289.112 0.001
289.179 0.001
289.247 0.001
289.314 0.001
289.382 0.001
289.449 0.001
289.517 0.001
289.584 0.001
289.652 0.001
289.720 0.001
289.787 0.001
289.855 0.001
289.923 0.001
289.991 0.001
290.058 0.001
290.126 0.001
290.194 0.001
290.262 0.001
290.330 0.001
290.398 0.001
290.466 0.001
290.534 0.001
290.602 0.001
290.670 0.001
290.739 0.001
290.807 0.001
290.875 0.001
290.943 0.001
291.011 0.001
291.080 0.001
291.148 0.001
291.217 0.001
291.285 0.001
291.353 0.001
291.422 0.001
291.490 0.001
291.559 0.001
291.627 0.001
291.696 0.001
291.765 0.001
291.833 0.001
291.902 0.001
291.971 0.001
292.040 0.001
292.108 0.001
292.177 0.001
292.246 0.001
292.315 0.001
292.384 0.001
292.453 0.001
292.522 0.001
292.591 0.001
292.660 0.001
292.729 0.001
292.798 0.001
292.867 0.001
292.936 0.001
293.006 0.001
293.075 0.001
293.144 0.001
293.214 0.001
293.283 0.001
293.352 0.001
293.422 0.001
293.491 0.001
293.561 0.001
293.630 0.001
293.700 0.001
293.769 0.001
293.839 0.001
293.909 0.001
293.978 0.001
294.048 0.001
294.118 0.001
294.187 0.001
294.257 0.001
294.327 0.001
294.397 0.001
294.467 0.001
294.537 0.001
294.607 0.001
294.677 0.001
294.747 0.001
294.817 0.001
294.887 0.001
294.957 0.001
295.027 0.001
295.098 0.001
295.168 0.001
295.238 0.001
295.308 0.001
295.379 0.001
295.449 0.001
295.520 0.001
295.590 0.001
295.660 0.001
295.731 0.001
295.802 0.001
295.872 0.001
295.943 0.001
296.013 0.001
296.084 0.001
296.155 0.001
296.226 0.001
296.296 0.001
296.367 0.001
296.438 0.001
296.509 0.001
296.580 0.001
296.651 0.001
296.722 0.001
296.793 0.001
296.864 0.001
296.935 0.001
297.006 0.001
297.077 0.001
297.148 0.001
297.220 0.001
297.291 0.001
297.362 0.001
297.433 0.001
297.505 0.001
297.576 0.001
297.648 0.001
297.719 0.001
297.791 0.001
297.862 0.001
297.934 0.001
298.005 0.001
298.077 0.001
298.149 0.001
298.220 0.001
298.292 0.001
298.364 0.001
298.436 0.001
298.507 0.001
298.579 0.001
298.651 0.001
298.723 0.001
298.795 0.001
298.867 0.001
298.939 0.001
299.011 0.001
299.083 0.001
299.156 0.001
299.228 0.001
299.300 0.001
299.372 0.001
299.445 0.001
299.517 0.001
299.589 0.001
299.662 0.001
299.734 0.001
299.807 0.001
299.879 0.001
299.952 0.001
300.024 0.001
300.097 0.001
300.169 0.001
300.242 0.001
300.315 0.001
300.388 0.001
300.460 0.001
300.533 0.001
300.606 0.001
300.679 0.001
300.752 0.001
300.825 0.001
300.898 0.001
300.971 0.001
301.044 0.001
301.117 0.001
301.190 0.001
301.263 0.001
301.337 0.001
301.410 0.001
301.483 0.001
301.556 0.001
301.630 0.001
301.703 0.001
301.777 0.001
301.850 0.001
301.924 0.001
301.997 0.001
302.071 0.001
302.144 0.001
302.218 0.001
302.292 0.001
302.365 0.001
302.439 0.001
302.513 0.001
302.587 0.001
302.660 0.001
302.734 0.001
302.808 0.001
302.882 0.001
302.956 0.001
303.030 0.001
303.104 0.001
303.178 0.001
303.253 0.001
303.327 0.001
303.401 0.001
303.475 0.001
303.550 0.001
303.624 0.001
303.698 0.001
303.773 0.001
303.847 0.001
303.922 0.001
303.996 0.001
304.071 0.001
304.145 0.001
304.220 0.001
304.294 0.001
304.369 0.001
304.444 0.001
304.519 0.001
304.593 0.001
304.668 0.001
304.743 0.001
304.818 0.001
304.893 0.001
304.968 0.001
305.043 0.001
305.118 0.001
305.193 0.001
305.268 0.001
305.344 0.001
305.419 0.001
305.494 0.001
305.569 0.001
305.645 0.001
305.720 0.001
305.795 0.001
305.871 0.001
305.946 0.001
306.022 0.001
306.097 0.001
306.173 0.001
306.248 0.001
306.324 0.001
306.400 0.001
306.476 0.001
306.551 0.001
306.627 0.001
306.703 0.001
306.779 0.001
306.855 0.001
306.931 0.001
307.007 0.001
307.083 0.001
307.159 0.001
307.235 0.001
307.311 0.001
307.387 0.001
307.463 0.001
307.540 0.001
307.616 0.001
307.692 0.001
307.769 0.001
307.845 0.001
307.922 0.001
307.998 0.001
308.075 0.001
308.151 0.001
308.228 0.001
308.304 0.001
308.381 0.001
308.458 0.001
308.534 0.001
308.611 0.001
308.688 0.001
308.765 0.001
308.842 0.001
308.919 0.001
308.996 0.001
309.073 0.001
309.150 0.001
309.227 0.001
309.304 0.001
309.381 0.001
309.458 0.001
309.536 0.001
309.613 0.001
309.690 0.001
309.768 0.001
309.845 0.001
309.923 0.001
310.000 0.001
310.078 0.001
310.155 0.001
310.233 0.001
310.310 0.001
310.388 0.001
310.466 0.001
310.543 0.001
310.621 0.001
310.699 0.001
310.777 0.001
310.855 0.001
310.933 0.001
311.011 0.001
311.089 0.001
311.167 0.001
311.245 0.001
311.323 0.001
311.401 0.001
311.480 0.001
311.558 0.001
311.636 0.001
311.714 0.001
311.793 0.001
311.871 0.001
311.950 0.001
312.028 0.001
312.107 0.001
312.185 0.001
312.264 0.001
312.343 0.001
312.421 0.001
312.500 0.001
312.579 0.001
312.658 0.001
312.736 0.001
312.815 0.001
312.894 0.001
312.973 0.001
313.052 0.001
313.131 0.001
313.210 0.001
313.290 0.001
313.369 0.001
313.448 0.001
313.527 0.001
313.606 0.001
313.686 0.001
313.765 0.001
313.845 0.001
313.924 0.001
314.004 0.001
314.083 0.001
314.163 0.001
314.242 0.001
314.322 0.001
314.402 0.001
314.481 0.001
314.561 0.001
314.641 0.001
314.721 0.001
314.801 0.001
314.881 0.001
314.961 0.001
315.041 0.001
315.121 0.001
315.201 0.001
315.281 0.001
315.361 0.001
315.441 0.001
315.522 0.001
315.602 0.001
315.682 0.001
315.763 0.001
315.843 0.001
315.924 0.001
316.004 0.001
316.085 0.001
316.165 0.001
316.246 0.001
316.327 0.001
316.407 0.001
316.488 0.001
316.569 0.001
316.650 0.001
316.731 0.001
316.811 0.001
316.892 0.001
316.973 0.001
317.054 0.001
317.136 0.001
317.217 0.001
317.298 0.001
317.379 0.001
317.460 0.001
317.542 0.001
317.623 0.001
317.704 0.001
317.786 0.001
317.867 0.001
317.949 0.001
318.030 0.001
318.112 0.001
318.193 0.001
318.275 0.001
318.357 0.001
318.439 0.001
318.520 0.001
318.602 0.001
318.684 0.001
318.766 0.001
318.848 0.001
318.930 0.001
319.012 0.001
319.094 0.001
319.176 0.001
319.258 0.001
319.341 0.001
319.423 0.001
319.505 0.001
319.588 0.001
319.670 0.001
319.752 0.001
319.835 0.001
319.917 0.001
320.000 0.001
320.083 0.001
320.165 0.001
320.248 0.001
320.331 0.001
320.413 0.001
320.496 0.001
320.579 0.001
320.662 0.001
320.745 0.001
320.828 0.001
320.911 0.001
320.994 0.001
321.077 0.001
321.160 0.001
321.244 0.001
321.327 0.001
321.410 0.001
321.493 0.001
321.577 0.001
321.660 0.001
321.744 0.001
321.827 0.001
321.911 0.001
321.994 0.001
322.078 0.001
322.162 0.001
322.245 0.001
322.329 0.001
322.413 0.001
322.497 0.001
322.581 0.001
322.665 0.001
322.749 0.001
322.833 0.001
322.917 0.001
323.001 0.001
323.085 0.001
323.169 0.001
323.253 0.001
323.338 0.001
323.422 0.001
323.506 0.001
323.591 0.001
323.675 0.001
323.760 0.001
323.844 0.001
323.929 0.001
324.014 0.001
324.098 0.001
324.183 0.001
324.268 0.001
324.353 0.001
324.437 0.001
324.522 0.001
324.607 0.001
324.692 0.001
324.777 0.001
324.862 0.001
324.948 0.001
325.033 0.001
325.118 0.001
325.203 0.001
325.289 0.001
325.374 0.001
325.459 0.001
325.545 0.001
325.630 0.001
325.716 0.001
325.801 0.001
325.887 0.001
325.973 0.001
326.058 0.001
326.144 0.001
326.230 0.001
326.316 0.001
326.402 0.001
326.488 0.001
326.574 0.001
326.660 0.001
326.746 0.001
326.832 0.001
326.918 0.001
327.004 0.001
327.090 0.001
327.177 0.001
327.263 0.001
327.350 0.001
327.436 0.001
327.522 0.001
327.609 0.001
327.696 0.001
327.782 0.001
327.869 0.001
327.956 0.001
328.042 0.001
328.129 0.001
328.216 0.001
328.303 0.001
328.390 0.001
328.477 0.001
328.564 0.001
328.651 0.001
328.738 0.001
328.825 0.001
328.912 0.001
329.000 0.001
329.087 0.001
329.174 0.001
329.262 0.001
329.349 0.001
329.437 0.001
329.524 0.001
329.612 0.001
329.700 0.001
329.787 0.001
329.875 0.001
329.963 0.001
330.051 0.001
330.138 0.001
330.226 0.001
330.314 0.001
330.402 0.001
330.490 0.001
330.579 0.001
330.667 0.001
330.755 0.001
330.843 0.001
330.931 0.001
331.020 0.001
331.108 0.001
331.197 0.001
331.285 0.001
331.374 0.001
331.462 0.001
331.551 0.001
331.639 0.001
331.728 0.001
331.817 0.001
331.906 0.001
331.995 0.001
332.084 0.001
332.173 0.001
332.262 0.001
332.351 0.001
332.440 0.001
332.529 0.001
332.618 0.001
332.707 0.001
332.797 0.001
332.886 0.001
332.975 0.001
333.065 0.001
333.154 0.001
333.244 0.001
333.333 0.001
333.423 0.001
333.513 0.001
333.602 0.001
333.692 0.001
333.782 0.001
333.872 0.001
333.962 0.001
334.052 0.001
334.142 0.001
334.232 0.001
334.322 0.001
334.412 0.001
334.502 0.001
334.593 0.001
334.683 0.001
334.773 0.001
334.864 0.001
334.954 0.001
335.045 0.001
335.135 0.001
335.226 0.001
335.316 0.001
335.407 0.001
335.498 0.001
335.589 0.001
335.679 0.001
335.770 0.001
335.861 0.001
335.952 0.001
336.043 0.001
336.134 0.001
336.226 0.001
336.317 0.001
336.408 0.001
336.499 0.001
336.591 0.001
336.682 0.001
336.773 0.001
336.865 0.001
336.957 0.001
337.048 0.001
337.140 0.001
337.231 0.001
337.323 0.001
337.415 0.001
337.507 0.001
337.599 0.001
337.691 0.001
337.783 0.001
337.875 0.001
337.967 0.001
338.059 0.001
338.151 0.001
338.243 0.001
338.336 0.001
338.428 0.001
338.520 0.001
338.613 0.001
338.705 0.001
338.798 0.001
338.890 0.001
338.983 0.001
339.076 0.001
339.168 0.001
339.261 0.001
339.354 0.001
339.447 0.001
339.540 0.001
339.633 0.001
339.726 0.001
339.819 0.001
339.912 0.001
340.005 0.001
340.099 0.001
340.192 0.001
340.285 0.001
340.379 0.001
340.472 0.001
340.566 0.001
340.659 0.001
340.753 0.001
340.847 0.001
340.940 0.001
341.034 0.001
341.128 0.001
341.222 0.001
341.316 0.001
341.410 0.001
341.504 0.001
341.598 0.001
341.692 0.001
341.786 0.001
341.880 0.001
341.975 0.001
342.069 0.001
342.163 0.001
342.258 0.001
342.352 0.001
342.447 0.001
342.541 0.001
342.636 0.001
342.731 0.001
342.826 0.001
342.920 0.001
343.015 0.001
343.110 0.001
343.205 0.001
343.300 0.001
343.395 0.001
343.490 0.001
343.585 0.001
343.681 0.001
343.776 0.001
343.871 0.001
343.967 0.001
344.062 0.001
344.158 0.001
344.253 0.001
344.349 0.001
344.444 0.001
344.540 0.001
344.636 0.001
344.732 0.001
344.828 0.001
344.924 0.001
345.019 0.001
345.116 0.001
345.212 0.001
345.308 0.001
345.404 0.001
345.500 0.001
345.596 0.001
345.693 0.001
345.789 0.001
345.886 0.001
345.982 0.001
346.079 0.001
346.175 0.001
346.272 0.001
346.369 0.001
346.465 0.001
346.562 0.001
346.659 0.001
346.756 0.001
346.853 0.001
346.950 0.001
347.047 0.001
347.144 0.001
347.242 0.001
347.339 0.001
347.436 0.001
347.534 0.001
347.631 0.001
347.729 0.001
347.826 0.001
347.924 0.001
348.021 0.001
348.119 0.001
348.217 0.001
348.315 0.001
348.412 0.001
348.510 0.001
348.608 0.001
348.706 0.001
348.805 0.001
348.903 0.001
349.001 0.001
349.099 0.001
349.197 0.001
349.296 0.001
349.394 0.001
349.493 0.001
349.591 0.001
349.690 0.001
349.788 0.001
349.887 0.001
349.986 0.001
350.085 0.001
350.184 0.001
350.282 0.001
350.381 0.001
350.480 0.001
350.580 0.001
350.679 0.001
350.778 0.001
350.877 0.001
350.977 0.001
351.076 0.001
351.175 0.001
351.275 0.001
351.374 0.001
351.474 0.001
351.574 0.001
351.673 0.001
351.773 0.001
351.873 0.001
351.973 0.001
352.073 0.001
352.173 0.001
352.273 0.001
352.373 0.001
352.473 0.001
352.573 0.001
352.673 0.001
352.774 0.001
352.874 0.001
352.975 0.001
353.075 0.001
353.176 0.001
353.276 0.001
353.377 0.001
353.478 0.001
353.579 0.001
353.679 0.001
353.780 0.001
353.881 0.001
353.982 0.001
354.083 0.001
354.185 0.001
354.286 0.001
354.387 0.001
354.488 0.001
354.590 0.001
354.691 0.001
354.793 0.001
354.894 0.001
354.996 0.001
355.097 0.001
355.199 0.001
355.301 0.001
355.403 0.001
355.505 0.001
355.607 0.001
355.709 0.001
355.811 0.001
355.913 0.001
356.015 0.001
356.117 0.001
356.219 0.001
356.322 0.001
356.424 0.001
356.527 0.001
356.629 0.001
356.732 0.001
356.835 0.001
356.937 0.001
357.040 0.001
357.143 0.001
357.246 0.001
357.349 0.001
357.452 0.001
357.555 0.001
357.658 0.001
357.761 0.001
357.864 0.001
357.968 0.001
358.071 0.001
358.174 0.001
358.278 0.001
358.382 0.001
358.485 0.001
358.589 0.001
358.693 0.001
358.796 0.001
358.900 0.001
359.004 0.001
359.108 0.001
359.212 0.001
359.316 0.001
359.420 0.001
359.524 0.001
359.629 0.001
359.733 0.001
359.837 0.001
359.942 0.001
360.046 0.001
360.151 0.001
360.256 0.001
360.360 0.001
360.465 0.001
360.570 0.001
360.675 0.001
360.780 0.001
360.885 0.001
360.990 0.001
361.095 0.001
361.200 0.001
361.305 0.001
361.411 0.001
361.516 0.001
361.621 0.001
361.727 0.001
361.833 0.001
361.938 0.001
362.044 0.001
362.150 0.001
362.255 0.001
362.361 0.001
362.467 0.001
362.573 0.001
362.679 0.001
362.785 0.001
362.891 0.001
362.998 0.001
363.104 0.001
363.210 0.001
363.317 0.001
363.423 0.001
363.530 0.001
363.636 0.001
363.743 0.001
363.850 0.001
363.957 0.001
364.063 0.001
364.170 0.001
364.277 0.001
364.384 0.001
364.491 0.001
364.599 0.001
364.706 0.001
364.813 0.001
364.921 0.001
365.028 0.001
365.135 0.001
365.243 0.001
365.351 0.001
365.458 0.001
365.566 0.001
365.674 0.001
365.782 0.001
365.890 0.001
365.998 0.001
366.106 0.001
366.214 0.001
366.322 0.001
366.430 0.001
366.539 0.001
366.647 0.001
366.755 0.001
366.864 0.001
366.972 0.001
367.081 0.001
367.190 0.001
367.299 0.001
367.407 0.001
367.516 0.001
367.625 0.001
367.734 0.001
367.843 0.001
367.953 0.001
368.062 0.001
368.171 0.001
368.280 0.001
368.390 0.001
368.499 0.001
368.609 0.001
368.718 0.001
368.828 0.001
368.938 0.001
369.048 0.001
369.157 0.001
369.267 0.001
369.377 0.001
369.487 0.001
369.598 0.001
369.708 0.001
369.818 0.001
369.928 0.001
370.039 0.001
370.149 0.001
370.260 0.001
370.370 0.001
370.481 0.001
370.592 0.001
370.703 0.001
370.813 0.001
370.924 0.001
371.035 0.001
371.146 0.001
371.257 0.001
371.369 0.001
371.480 0.001
371.591 0.001
371.703 0.001
371.814 0.001
371.926 0.001
372.037 0.001
372.149 0.001
372.261 0.001
372.372 0.001
372.484 0.001
372.596 0.001
372.708 0.001
372.820 0.001
372.932 0.001
373.045 0.001
373.157 0.001
373.269 0.001
373.382 0.001
373.494 0.001
373.607 0.001
373.719 0.001
373.832 0.001
373.945 0.001
374.057 0.001
374.170 0.001
374.283 0.001
374.396 0.001
374.509 0.001
374.622 0.001
374.736 0.001
374.849 0.001
374.962 0.001
375.076 0.001
375.189 0.001
375.303 0.001
375.416 0.001
375.530 0.001
375.644 0.001
375.758 0.001
375.871 0.001
375.985 0.001
376.099 0.001
376.214 0.001
376.328 0.001
376.442 0.002
376.556 0.002
376.671 0.002
376.785 0.002
376.900 0.002
377.014 0.002
377.129 0.002
377.244 0.002
377.358 0.002
377.473 0.002
377.588 0.002
377.703 0.002
377.818 0.002
377.934 0.002
378.049 0.002
378.164 0.002
378.279 0.002
378.395 0.002
378.510 0.002
378.626 0.002
378.742 0.002
378.857 0.002
378.973 0.002
379.089 0.002
379.205 0.002
379.321 0.002
379.437 0.002
379.553 0.002
379.669 0.002
379.786 0.002
379.902 0.002
380.018 0.002
380.135 0.002
380.251 0.002
380.368 0.002
380.485 0.002
380.602 0.002
380.718 0.002
380.835 0.002
380.952 0.002
381.069 0.002
381.187 0.002
381.304 0.002
381.421 0.002
381.538 0.002
381.656 0.002
381.773 0.002
381.891 0.002
382.009 0.002
382.126 0.002
382.244 0.002
382.362 0.002
382.480 0.002
382.598 0.002
382.716 0.002
382.834 0.002
382.952 0.002
383.071 0.002
383.189 0.002
383.308 0.002
383.426 0.002
383.545 0.002
383.663 0.002
383.782 0.002
383.901 0.002
384.020 0.002
384.139 0.002
384.258 0.002
384.377 0.002
384.496 0.002
384.615 0.002
384.735 0.002
384.854 0.002
384.974 0.002
385.093 0.002
385.213 0.002
385.333 0.002
385.452 0.002
385.572 0.002
385.692 0.002
385.812 0.002
385.932 0.002
386.052 0.002
386.173 0.002
386.293 0.002
386.413 0.002
386.534 0.002
386.654 0.002
386.775 0.002
386.895 0.002
387.016 0.002
387.137 0.002
387.258 0.002
387.379 0.002
387.500 0.002
387.621 0.002
387.742 0.002
387.864 0.002
387.985 0.002
388.106 0.002
388.228 0.002
388.350 0.002
388.471 0.002
388.593 0.002
388.715 0.002
=======
248.000 0.005
248.050 0.005
248.099 0.005
248.149 0.005
248.199 0.005
248.248 0.005
248.298 0.005
248.348 0.005
248.397 0.005
248.447 0.004
248.497 0.004
248.547 0.004
248.597 0.004
248.646 0.004
248.696 0.004
248.746 0.004
248.796 0.004
248.846 0.004
248.896 0.004
248.946 0.004
248.996 0.004
249.046 0.004
249.096 0.004
249.146 0.004
249.196 0.004
249.246 0.004
249.296 0.004
249.346 0.004
249.397 0.004
249.447 0.004
249.497 0.004
249.547 0.004
249.597 0.004
249.648 0.004
249.698 0.004
249.748 0.004
249.799 0.004
249.849 0.004
249.899 0.004
249.950 0.004
250.000 0.004
250.050 0.004
250.101 0.004
250.151 0.004
250.202 0.004
250.252 0.004
250.303 0.004
250.353 0.004
250.404 0.004
250.454 0.004
250.505 0.004
250.556 0.004
250.606 0.004
250.657 0.004
250.708 0.004
250.758 0.004
250.809 0.004
250.860 0.004
250.911 0.004
250.961 0.004
251.012 0.004
251.063 0.004
251.114 0.004
251.165 0.004
251.216 0.004
251.266 0.004
251.317 0.004
251.368 0.004
251.419 0.004
251.470 0.004
251.521 0.004
251.572 0.004
251.623 0.004
251.674 0.004
251.726 0.004
251.777 0.004
251.828 0.004
251.879 0.004
251.930 0.004
251.981 0.004
252.033 0.004
252.084 0.004
252.135 0.004
252.186 0.004
252.238 0.004
252.289 0.004
252.340 0.004
252.392 0.004
252.443 0.004
252.494 0.004
252.546 0.004
252.597 0.004
252.649 0.004
252.700 0.004
252.752 0.004
252.803 0.004
252.855 0.004
252.906 0.004
252.958 0.004
253.010 0.004
253.061 0.004
253.113 0.004
253.165 0.004
253.216 0.004
253.268 0.004
253.320 0.004
253.371 0.004
253.423 0.004
253.475 0.004
253.527 0.004
253.579 0.004
253.631 0.004
253.682 0.004
253.734 0.004
253.786 0.004
253.838 0.004
253.890 0.004
253.942 0.004
253.994 0.004
254.046 0.004
254.098 0.004
254.150 0.004
254.203 0.004
254.255 0.004
254.307 0.004
254.359 0.004
254.411 0.004
254.463 0.004
254.516 0.004
254.568 0.004
254.620 0.004
254.672 0.004
254.725 0.004
254.777 0.004
254.829 0.004
254.882 0.004
254.934 0.004
254.987 0.004
255.039 0.004
255.092 0.004
255.144 0.004
255.197 0.004
255.249 0.004
255.302 0.004
255.354 0.004
255.407 0.004
255.459 0.004
255.512 0.004
255.565 0.004
255.617 0.004
255.670 0.004
255.723 0.004
255.776 0.004
255.828 0.004
255.881 0.003
255.934 0.003
255.987 0.003
256.040 0.003
256.093 0.003
256.145 0.003
256.198 0.003
256.251 0.003
256.304 0.003
256.357 0.003
256.410 0.003
256.463 0.003
256.516 0.003
256.569 0.003
256.623 0.003
256.676 0.003
256.729 0.003
256.782 0.003
256.835 0.003
256.888 0.003
256.942 0.003
256.995 0.003
257.048 0.003
257.101 0.003
257.155 0.003
257.208 0.003
257.261 0.003
257.315 0.003
257.368 0.003
257.422 0.003
257.475 0.003
257.529 0.003
257.582 0.003
257.636 0.003
257.689 0.003
257.743 0.003
257.796 0.003
257.850 0.003
257.903 0.003
257.957 0.003
258.011 0.003
258.065 0.003
258.118 0.003
258.172 0.003
258.226 0.003
258.280 0.003
258.333 0.003
258.387 0.003
258.441 0.003
258.495 0.003
258.549 0.003
258.603 0.003
258.657 0.003
258.711 0.003
258.765 0.003
258.819 0.003
258.873 0.003
258.927 0.003
258.981 0.003
259.035 0.003
259.089 0.003
259.143 0.003
259.197 0.003
259.252 0.003
259.306 0.003
259.360 0.003
259.414 0.003
259.469 0.003
259.523 0.003
259.577 0.003
259.631 0.003
259.686 0.003
259.740 0.003
259.795 0.003
259.849 0.003
259.904 0.003
259.958 0.003
260.013 0.003
260.067 0.003
260.122 0.003
260.176 0.003
260.231 0.003
260.285 0.003
260.340 0.003
260.395 0.003
260.449 0.003
260.504 0.003
260.559 0.003
260.614 0.003
260.668 0.003
260.723 0.003
260.778 0.003
260.833 0.003
260.888 0.003
260.943 0.003
260.998 0.003
261.053 0.003
261.108 0.003
261.163 0.003
261.218 0.003
261.273 0.003
261.328 0.003
261.383 0.003
261.438 0.003
261.493 0.003
261.548 0.003
261.603 0.003
261.659 0.003
261.714 0.003
261.769 0.003
261.824 0.003
261.880 0.003
261.935 0.003
261.990 0.003
262.046 0.003
262.101 0.003
262.156 0.003
262.212 0.003
262.267 0.003
262.323 0.003
262.378 0.003
262.434 0.003
262.489 0.003
262.545 0.003
262.601 0.003
262.656 0.003
262.712 0.003
262.768 0.003
262.823 0.003
262.879 0.003
262.935 0.003
262.990 0.003
263.046 0.003
263.102 0.003
263.158 0.003
263.214 0.003
263.270 0.003
263.326 0.003
263.381 0.003
263.437 0.003
263.493 0.003
263.549 0.003
263.605 0.003
263.661 0.003
263.718 0.003
263.774 0.003
263.830 0.003
263.886 0.003
263.942 0.003
263.998 0.003
264.055 0.003
264.111 0.003
264.167 0.003
264.223 0.003
264.280 0.003
264.336 0.003
264.392 0.003
264.449 0.003
264.505 0.003
264.562 0.003
264.618 0.003
264.674 0.003
264.731 0.003
264.788 0.003
264.844 0.003
264.901 0.003
264.957 0.003
265.014 0.003
265.071 0.003
265.127 0.003
265.184 0.003
265.241 0.003
265.297 0.003
265.354 0.003
265.411 0.003
265.468 0.003
265.525 0.003
265.581 0.003
265.638 0.003
265.695 0.003
265.752 0.003
265.809 0.003
265.866 0.003
265.923 0.003
265.980 0.003
266.037 0.003
266.094 0.003
266.152 0.003
266.209 0.003
266.266 0.003
266.323 0.003
266.380 0.003
266.437 0.003
266.495 0.003
266.552 0.003
266.609 0.003
266.667 0.003
266.724 0.003
266.781 0.003
266.839 0.003
266.896 0.003
266.954 0.003
267.011 0.003
267.069 0.003
267.126 0.003
267.184 0.003
267.241 0.003
267.299 0.003
267.357 0.003
267.414 0.003
267.472 0.003
267.530 0.003
267.587 0.003
267.645 0.003
267.703 0.003
267.761 0.003
267.819 0.003
267.876 0.003
267.934 0.003
267.992 0.003
268.050 0.003
268.108 0.003
268.166 0.003
268.224 0.003
268.282 0.003
268.340 0.003
268.398 0.003
268.456 0.003
268.515 0.003
268.573 0.003
268.631 0.003
268.689 0.003
268.747 0.003
268.806 0.003
268.864 0.003
268.922 0.003
268.980 0.003
269.039 0.003
269.097 0.003
269.156 0.003
269.214 0.003
269.273 0.003
269.331 0.003
269.390 0.003
269.448 0.003
269.507 0.003
269.565 0.003
269.624 0.003
269.682 0.003
269.741 0.003
269.800 0.003
269.859 0.003
269.917 0.003
269.976 0.003
270.035 0.003
270.094 0.003
270.153 0.003
270.211 0.003
270.270 0.003
270.329 0.003
270.388 0.003
270.447 0.003
270.506 0.003
270.565 0.003
270.624 0.003
270.683 0.003
270.742 0.003
270.801 0.003
270.861 0.003
270.920 0.003
270.979 0.003
271.038 0.003
271.098 0.003
271.157 0.003
271.216 0.003
271.275 0.003
271.335 0.003
271.394 0.003
271.454 0.003
271.513 0.003
271.572 0.003
271.632 0.003
271.691 0.003
271.751 0.003
271.811 0.003
271.870 0.003
271.930 0.003
271.989 0.003
272.049 0.003
272.109 0.003
272.169 0.003
272.228 0.003
272.288 0.003
272.348 0.003
272.408 0.003
272.468 0.003
272.527 0.003
272.587 0.003
272.647 0.003
272.707 0.003
272.767 0.003
272.827 0.003
272.887 0.003
272.947 0.003
273.007 0.003
273.068 0.003
273.128 0.003
273.188 0.003
273.248 0.003
273.308 0.003
273.369 0.003
273.429 0.003
273.489 0.003
273.550 0.003
273.610 0.003
273.670 0.003
273.731 0.003
273.791 0.003
273.852 0.003
273.912 0.003
273.973 0.003
274.033 0.003
274.094 0.003
274.154 0.003
274.215 0.003
274.276 0.003
274.336 0.003
274.397 0.003
274.458 0.003
274.518 0.003
274.579 0.003
274.640 0.003
274.701 0.003
274.762 0.003
274.823 0.003
274.884 0.003
274.945 0.003
275.006 0.003
275.067 0.003
275.128 0.003
275.189 0.003
275.250 0.003
275.311 0.003
275.372 0.003
275.433 0.003
275.494 0.003
275.556 0.003
275.617 0.003
275.678 0.003
275.739 0.003
275.801 0.003
275.862 0.003
275.923 0.003
275.985 0.003
276.046 0.003
276.108 0.003
276.169 0.003
276.231 0.003
276.292 0.003
276.354 0.003
276.416 0.003
276.477 0.003
276.539 0.003
276.600 0.003
276.662 0.002
276.724 0.002
276.786 0.002
276.848 0.002
276.909 0.002
276.971 0.002
277.033 0.002
277.095 0.002
277.157 0.002
277.219 0.002
277.281 0.002
277.343 0.002
277.405 0.002
277.467 0.002
277.529 0.002
277.591 0.002
277.653 0.002
277.716 0.002
277.778 0.002
277.840 0.002
277.902 0.002
277.965 0.002
278.027 0.002
278.089 0.002
278.152 0.002
278.214 0.002
278.276 0.002
278.339 0.002
278.401 0.002
278.464 0.002
278.527 0.002
278.589 0.002
278.652 0.002
278.714 0.002
278.777 0.002
278.840 0.002
278.902 0.002
278.965 0.002
279.028 0.002
279.091 0.002
279.154 0.002
279.216 0.002
279.279 0.002
279.342 0.002
279.405 0.002
279.468 0.002
279.531 0.002
279.594 0.002
279.657 0.002
279.720 0.002
279.783 0.002
279.847 0.002
279.910 0.002
279.973 0.002
280.036 0.002
280.099 0.002
280.163 0.002
280.226 0.002
280.289 0.002
280.353 0.002
280.416 0.002
280.480 0.002
280.543 0.002
280.606 0.002
280.670 0.002
280.734 0.002
280.797 0.002
280.861 0.002
280.924 0.002
280.988 0.002
281.052 0.002
281.115 0.002
281.179 0.002
281.243 0.002
281.307 0.002
281.371 0.002
281.434 0.002
281.498 0.002
281.562 0.002
281.626 0.002
281.690 0.002
281.754 0.002
281.818 0.002
281.882 0.002
281.946 0.002
282.010 0.002
282.075 0.002
282.139 0.002
282.203 0.002
282.267 0.002
282.332 0.002
282.396 0.002
282.460 0.002
282.524 0.002
282.589 0.002
282.653 0.002
282.718 0.002
282.782 0.002
282.847 0.002
282.911 0.002
282.976 0.002
283.040 0.002
283.105 0.002
283.170 0.002
283.234 0.002
283.299 0.002
283.364 0.002
283.429 0.002
283.493 0.002
283.558 0.002
283.623 0.002
283.688 0.002
283.753 0.002
283.818 0.002
283.883 0.002
283.948 0.002
284.013 0.002
284.078 0.002
284.143 0.002
284.208 0.002
284.273 0.002
284.338 0.002
284.404 0.002
284.469 0.002
284.534 0.002
284.599 0.002
284.665 0.002
284.730 0.002
284.796 0.002
284.861 0.002
284.926 0.002
284.992 0.002
285.057 0.002
285.123 0.002
285.189 0.002
285.254 0.002
285.320 0.002
285.386 0.002
285.451 0.002
285.517 0.002
285.583 0.002
285.648 0.002
285.714 0.002
285.780 0.002
285.846 0.002
285.912 0.002
285.978 0.002
286.044 0.002
286.110 0.002
286.176 0.002
286.242 0.002
286.308 0.002
286.374 0.002
286.440 0.002
286.506 0.002
286.573 0.002
286.639 0.002
286.705 0.002
286.772 0.002
286.838 0.002
286.904 0.002
286.971 0.002
287.037 0.002
287.103 0.002
287.170 0.002
287.237 0.002
287.303 0.002
287.370 0.002
287.436 0.002
287.503 0.002
287.570 0.002
287.636 0.002
287.703 0.002
287.770 0.002
287.837 0.002
287.903 0.002
287.970 0.002
288.037 0.002
288.104 0.002
288.171 0.002
288.238 0.002
288.305 0.002
288.372 0.002
288.439 0.002
288.506 0.002
288.573 0.002
288.641 0.002
288.708 0.002
288.775 0.002
288.842 0.002
288.910 0.002
288.977 0.002
289.044 0.002
289.112 0.002
289.179 0.002
289.247 0.002
289.314 0.002
289.382 0.002
289.449 0.002
289.517 0.002
289.584 0.002
289.652 0.002
289.720 0.002
289.787 0.002
289.855 0.002
289.923 0.002
289.991 0.002
290.058 0.002
290.126 0.002
290.194 0.002
290.262 0.002
290.330 0.002
290.398 0.002
290.466 0.002
290.534 0.002
290.602 0.002
290.670 0.002
290.739 0.002
290.807 0.002
290.875 0.002
290.943 0.002
291.011 0.002
291.080 0.002
291.148 0.002
291.217 0.002
291.285 0.002
291.353 0.002
291.422 0.002
291.490 0.002
291.559 0.002
291.627 0.002
291.696 0.002
291.765 0.002
291.833 0.002
291.902 0.002
291.971 0.002
292.040 0.002
292.108 0.002
292.177 0.002
292.246 0.002
292.315 0.002
292.384 0.002
292.453 0.002
292.522 0.002
292.591 0.002
292.660 0.002
292.729 0.002
292.798 0.002
292.867 0.002
292.936 0.002
293.006 0.002
293.075 0.002
293.144 0.002
293.214 0.002
293.283 0.002
293.352 0.002
293.422 0.002
293.491 0.002
293.561 0.002
293.630 0.002
293.700 0.002
293.769 0.002
293.839 0.002
293.909 0.002
293.978 0.002
294.048 0.002
294.118 0.002
294.187 0.002
294.257 0.002
294.327 0.002
294.397 0.002
294.467 0.002
294.537 0.002
294.607 0.002
294.677 0.002
294.747 0.002
294.817 0.002
294.887 0.002
294.957 0.002
295.027 0.002
295.098 0.002
295.168 0.002
295.238 0.002
295.308 0.002
295.379 0.002
295.449 0.002
295.520 0.002
295.590 0.002
295.660 0.002
295.731 0.002
295.802 0.002
295.872 0.002
295.943 0.002
296.013 0.002
296.084 0.002
296.155 0.002
296.226 0.002
296.296 0.002
296.367 0.002
296.438 0.002
296.509 0.002
296.580 0.002
296.651 0.002
296.722 0.002
296.793 0.002
296.864 0.002
296.935 0.002
297.006 0.002
297.077 0.002
297.148 0.002
297.220 0.002
297.291 0.002
297.362 0.002
297.433 0.002
297.505 0.002
297.576 0.002
297.648 0.002
297.719 0.002
297.791 0.002
297.862 0.002
297.934 0.002
298.005 0.002
298.077 0.002
298.149 0.002
298.220 0.002
298.292 0.002
298.364 0.002
298.436 0.002
298.507 0.002
298.579 0.002
298.651 0.002
298.723 0.002
298.795 0.002
298.867 0.002
298.939 0.002
299.011 0.002
299.083 0.002
299.156 0.002
299.228 0.002
299.300 0.002
299.372 0.002
299.445 0.002
299.517 0.002
299.589 0.002
299.662 0.002
299.734 0.002
299.807 0.002
299.879 0.002
299.952 0.002
300.024 0.002
300.097 0.002
300.169 0.002
300.242 0.002
300.315 0.002
300.388 0.002
300.460 0.002
300.533 0.002
300.606 0.002
300.679 0.002
300.752 0.002
300.825 0.002
300.898 0.002
300.971 0.002
301.044 0.002
301.117 0.002
301.190 0.002
301.263 0.002
301.337 0.002
301.410 0.002
301.483 0.002
301.556 0.002
301.630 0.002
301.703 0.002
301.777 0.002
301.850 0.002
301.924 0.002
301.997 0.002
302.071 0.002
302.144 0.002
302.218 0.002
302.292 0.002
302.365 0.002
302.439 0.002
302.513 0.002
302.587 0.002
302.660 0.002
302.734 0.002
302.808 0.002
302.882 0.002
302.956 0.002
303.030 0.002
303.104 0.002
303.178 0.002
303.253 0.002
303.327 0.002
303.401 0.002
303.475 0.002
303.550 0.002
303.624 0.002
303.698 0.002
303.773 0.002
303.847 0.002
303.922 0.002
303.996 0.002
304.071 0.002
304.145 0.002
304.220 0.002
304.294 0.002
304.369 0.002
304.444 0.002
304.519 0.002
304.593 0.002
304.668 0.002
304.743 0.002
304.818 0.002
304.893 0.002
304.968 0.002
305.043 0.002
305.118 0.002
305.193 0.002
305.268 0.002
305.344 0.002
305.419 0.002
305.494 0.002
305.569 0.002
305.645 0.002
305.720 0.002
305.795 0.002
305.871 0.002
305.946 0.002
306.022 0.002
306.097 0.002
306.173 0.002
306.248 0.002
306.324 0.002
306.400 0.002
306.476 0.002
306.551 0.002
306.627 0.002
306.703 0.002
306.779 0.002
306.855 0.002
306.931 0.002
307.007 0.002
307.083 0.002
307.159 0.002
307.235 0.002
307.311 0.002
307.387 0.002
307.463 0.002
307.540 0.002
307.616 0.002
307.692 0.002
307.769 0.002
307.845 0.002
307.922 0.002
307.998 0.002
308.075 0.002
308.151 0.002
308.228 0.002
308.304 0.002
308.381 0.002
308.458 0.002
308.534 0.002
308.611 0.002
308.688 0.002
308.765 0.002
308.842 0.002
308.919 0.002
308.996 0.002
309.073 0.002
309.150 0.002
309.227 0.002
309.304 0.002
309.381 0.002
309.458 0.002
309.536 0.002
309.613 0.002
309.690 0.002
309.768 0.002
309.845 0.002
309.923 0.002
310.000 0.002
310.078 0.002
310.155 0.002
310.233 0.002
310.310 0.002
310.388 0.002
310.466 0.002
310.543 0.002
310.621 0.002
310.699 0.002
310.777 0.002
310.855 0.002
310.933 0.002
311.011 0.002
311.089 0.002
311.167 0.002
311.245 0.002
311.323 0.002
311.401 0.002
311.480 0.002
311.558 0.002
311.636 0.002
311.714 0.002
311.793 0.002
311.871 0.002
311.950 0.002
312.028 0.002
312.107 0.002
312.185 0.002
312.264 0.002
312.343 0.002
312.421 0.002
312.500 0.002
312.579 0.002
312.658 0.002
312.736 0.002
312.815 0.002
312.894 0.002
312.973 0.002
313.052 0.002
313.131 0.002
313.210 0.002
313.290 0.002
313.369 0.002
313.448 0.002
313.527 0.002
313.606 0.002
313.686 0.002
313.765 0.002
313.845 0.002
313.924 0.002
314.004 0.002
314.083 0.002
314.163 0.002
314.242 0.002
314.322 0.002
314.402 0.002
314.481 0.002
314.561 0.002
314.641 0.002
314.721 0.002
314.801 0.002
314.881 0.002
314.961 0.002
315.041 0.002
315.121 0.002
315.201 0.002
315.281 0.002
315.361 0.002
315.441 0.002
315.522 0.002
315.602 0.002
315.682 0.002
315.763 0.002
315.843 0.002
315.924 0.002
316.004 0.002
316.085 0.002
316.165 0.002
316.246 0.002
316.327 0.002
316.407 0.002
316.488 0.002
316.569 0.002
316.650 0.002
316.731 0.002
316.811 0.002
316.892 0.002
316.973 0.002
317.054 0.002
317.136 0.002
317.217 0.002
317.298 0.002
317.379 0.002
317.460 0.002
317.542 0.002
317.623 0.002
317.704 0.002
317.786 0.002
317.867 0.002
317.949 0.002
318.030 0.002
318.112 0.002
318.193 0.002
318.275 0.002
318.357 0.002
318.439 0.002
318.520 0.002
318.602 0.002
318.684 0.002
318.766 0.002
318.848 0.002
318.930 0.002
319.012 0.002
319.094 0.002
319.176 0.002
319.258 0.002
319.341 0.002
319.423 0.002
319.505 0.002
319.588 0.002
319.670 0.002
319.752 0.002
319.835 0.002
319.917 0.002
320.000 0.002
320.083 0.002
320.165 0.002
320.248 0.002
320.331 0.002
320.413 0.002
320.496 0.002
320.579 0.002
320.662 0.002
320.745 0.002
320.828 0.002
320.911 0.002
320.994 0.002
321.077 0.002
321.160 0.002
321.244 0.002
321.327 0.002
321.410 0.002
321.493 0.002
321.577 0.002
321.660 0.002
321.744 0.002
321.827 0.002
321.911 0.002
321.994 0.002
322.078 0.002
322.162 0.002
322.245 0.002
322.329 0.002
322.413 0.002
322.497 0.002
322.581 0.002
322.665 0.002
322.749 0.002
322.833 0.002
322.917 0.002
323.001 0.002
323.085 0.002
323.169 0.002
323.253 0.002
323.338 0.002
323.422 0.002
323.506 0.002
323.591 0.002
323.675 0.002
323.760 0.002
323.844 0.002
323.929 0.002
324.014 0.002
324.098 0.002
324.183 0.002
324.268 0.002
324.353 0.002
324.437 0.002
324.522 0.002
324.607 0.002
324.692 0.002
324.777 0.002
324.862 0.002
324.948 0.002
325.033 0.002
325.118 0.002
325.203 0.002
325.289 0.002
325.374 0.002
325.459 0.002
325.545 0.002
325.630 0.002
325.716 0.002
325.801 0.002
325.887 0.002
325.973 0.002
326.058 0.002
326.144 0.002
326.230 0.002
326.316 0.002
326.402 0.002
326.488 0.002
326.574 0.002
326.660 0.002
326.746 0.002
326.832 0.002
326.918 0.002
327.004 0.002
327.090 0.002
327.177 0.002
327.263 0.002
327.350 0.002
327.436 0.002
327.522 0.002
327.609 0.002
327.696 0.002
327.782 0.002
327.869 0.002
327.956 0.002
328.042 0.002
328.129 0.002
328.216 0.002
328.303 0.002
328.390 0.002
328.477 0.002
328.564 0.002
328.651 0.002
328.738 0.002
328.825 0.002
328.912 0.002
329.000 0.002
329.087 0.002
329.174 0.002
329.262 0.002
329.349 0.002
329.437 0.002
329.524 0.002
329.612 0.002
329.700 0.002
329.787 0.002
329.875 0.002
329.963 0.002
330.051 0.002
330.138 0.002
330.226 0.002
330.314 0.002
330.402 0.002
330.490 0.002
330.579 0.002
330.667 0.002
330.755 0.002
330.843 0.002
330.931 0.002
331.020 0.002
331.108 0.002
331.197 0.002
331.285 0.002
331.374 0.002
331.462 0.002
331.551 0.002
331.639 0.002
331.728 0.002
331.817 0.002
331.906 0.002
331.995 0.002
332.084 0.002
332.173 0.002
332.262 0.002
332.351 0.002
332.440 0.002
332.529 0.002
332.618 0.002
332.707 0.002
332.797 0.002
332.886 0.002
332.975 0.002
333.065 0.002
333.154 0.002
333.244 0.002
333.333 0.002
333.423 0.002
333.513 0.002
333.602 0.002
333.692 0.002
333.782 0.002
333.872 0.002
333.962 0.002
334.052 0.002
334.142 0.002
334.232 0.002
334.322 0.002
334.412 0.002
334.502 0.002
334.593 0.002
334.683 0.002
334.773 0.002
334.864 0.002
334.954 0.002
335.045 0.002
335.135 0.002
335.226 0.002
335.316 0.002
335.407 0.002
335.498 0.002
335.589 0.002
335.679 0.002
335.770 0.002
335.861 0.002
335.952 0.002
336.043 0.002
336.134 0.002
336.226 0.002
336.317 0.002
336.408 0.002
336.499 0.002
336.591 0.002
336.682 0.002
336.773 0.002
336.865 0.002
336.957 0.002
337.048 0.002
337.140 0.002
337.231 0.002
337.323 0.002
337.415 0.002
337.507 0.002
337.599 0.002
337.691 0.002
337.783 0.002
337.875 0.002
337.967 0.002
338.059 0.002
338.151 0.002
338.243 0.002
338.336 0.002
338.428 0.002
338.520 0.002
338.613 0.002
338.705 0.002
338.798 0.002
338.890 0.002
338.983 0.002
339.076 0.002
339.168 0.002
339.261 0.002
339.354 0.002
339.447 0.002
339.540 0.002
339.633 0.002
339.726 0.002
339.819 0.002
339.912 0.002
340.005 0.002
340.099 0.002
340.192 0.002
340.285 0.002
340.379 0.002
340.472 0.002
340.566 0.002
340.659 0.002
340.753 0.002
340.847 0.002
340.940 0.002
341.034 0.002
341.128 0.002
341.222 0.002
341.316 0.002
341.410 0.002
341.504 0.002
341.598 0.002
341.692 0.002
341.786 0.002
341.880 0.002
341.975 0.002
342.069 0.002
342.163 0.002
342.258 0.002
342.352 0.002
342.447 0.002
342.541 0.002
342.636 0.002
342.731 0.002
342.826 0.002
342.920 0.002
343.015 0.002
343.110 0.002
343.205 0.002
343.300 0.002
343.395 0.002
343.490 0.002
343.585 0.002
343.681 0.002
343.776 0.002
343.871 0.002
343.967 0.002
344.062 0.002
344.158 0.002
344.253 0.002
344.349 0.002
344.444 0.002
344.540 0.002
344.636 0.002
344.732 0.002
344.828 0.002
344.924 0.002
345.019 0.002
345.116 0.002
345.212 0.002
345.308 0.002
345.404 0.002
345.500 0.002
345.596 0.002
345.693 0.002
345.789 0.002
345.886 0.002
345.982 0.002
346.079 0.002
346.175 0.002
346.272 0.002
346.369 0.002
346.465 0.002
346.562 0.002
346.659 0.002
346.756 0.002
346.853 0.002
346.950 0.002
347.047 0.002
347.144 0.002
347.242 0.002
347.339 0.002
347.436 0.002
347.534 0.002
347.631 0.002
347.729 0.002
347.826 0.002
347.924 0.002
348.021 0.002
348.119 0.002
348.217 0.002
348.315 0.002
348.412 0.002
348.510 0.002
348.608 0.002
348.706 0.002
348.805 0.002
348.903 0.002
349.001 0.002
349.099 0.002
349.197 0.002
349.296 0.002
349.394 0.002
349.493 0.002
349.591 0.002
349.690 0.002
349.788 0.002
349.887 0.002
349.986 0.002
350.085 0.002
350.184 0.002
350.282 0.002
350.381 0.002
350.480 0.002
350.580 0.002
350.679 0.002
350.778 0.002
350.877 0.002
350.977 0.002
351.076 0.002
351.175 0.002
351.275 0.002
351.374 0.002
351.474 0.002
351.574 0.002
351.673 0.002
351.773 0.002
351.873 0.002
351.973 0.002
352.073 0.002
352.173 0.002
352.273 0.002
352.373 0.002
352.473 0.002
352.573 0.002
352.673 0.002
352.774 0.002
352.874 0.002
352.975 0.002
353.075 0.002
353.176 0.002
353.276 0.002
353.377 0.002
353.478 0.002
353.579 0.002
353.679 0.002
353.780 0.002
353.881 0.002
353.982 0.002
354.083 0.002
354.185 0.002
354.286 0.002
354.387 0.002
354.488 0.002
354.590 0.002
354.691 0.002
354.793 0.002
354.894 0.002
354.996 0.002
355.097 0.002
355.199 0.002
355.301 0.002
355.403 0.002
355.505 0.002
355.607 0.002
355.709 0.002
355.811 0.002
355.913 0.002
356.015 0.002
356.117 0.002
356.219 0.002
356.322 0.002
356.424 0.002
356.527 0.002
356.629 0.002
356.732 0.002
356.835 0.002
356.937 0.002
357.040 0.002
357.143 0.002
357.246 0.002
357.349 0.002
357.452 0.002
357.555 0.002
357.658 0.002
357.761 0.002
357.864 0.002
357.968 0.002
358.071 0.002
358.174 0.002
358.278 0.002
358.382 0.002
358.485 0.002
358.589 0.002
358.693 0.002
358.796 0.002
358.900 0.002
359.004 0.002
359.108 0.002
359.212 0.002
359.316 0.002
359.420 0.002
359.524 0.002
359.629 0.002
359.733 0.002
359.837 0.002
359.942 0.002
360.046 0.002
360.151 0.002
360.256 0.002
360.360 0.002
360.465 0.002
360.570 0.002
360.675 0.002
360.780 0.002
360.885 0.002
360.990 0.002
361.095 0.002
361.200 0.002
361.305 0.002
361.411 0.002
361.516 0.002
361.621 0.002
361.727 0.002
361.833 0.002
361.938 0.002
362.044 0.002
362.150 0.002
362.255 0.002
362.361 0.002
362.467 0.002
362.573 0.002
362.679 0.002
362.785 0.002
362.891 0.002
362.998 0.002
363.104 0.002
363.210 0.002
363.317 0.002
363.423 0.002
363.530 0.002
363.636 0.002
363.743 0.002
363.850 0.002
363.957 0.002
364.063 0.002
364.170 0.002
364.277 0.002
364.384 0.002
364.491 0.002
364.599 0.002
364.706 0.002
364.813 0.002
364.921 0.002
365.028 0.002
365.135 0.002
365.243 0.002
365.351 0.002
365.458 0.002
365.566 0.002
365.674 0.002
365.782 0.002
365.890 0.002
365.998 0.002
366.106 0.002
366.214 0.002
366.322 0.002
366.430 0.002
366.539 0.002
366.647 0.002
366.755 0.002
366.864 0.002
366.972 0.002
367.081 0.002
367.190 0.002
367.299 0.002
367.407 0.002
367.516 0.002
367.625 0.002
367.734 0.002
367.843 0.002
367.953 0.002
368.062 0.002
368.171 0.002
368.280 0.002
368.390 0.002
368.499 0.002
368.609 0.002
368.718 0.002
368.828 0.002
368.938 0.002
369.048 0.002
369.157 0.002
369.267 0.002
369.377 0.002
369.487 0.002
369.598 0.002
369.708 0.002
369.818 0.002
369.928 0.002
370.039 0.002
370.149 0.002
370.260 0.002
370.370 0.002
370.481 0.002
370.592 0.002
370.703 0.002
370.813 0.002
370.924 0.002
371.035 0.002
371.146 0.002
371.257 0.002
371.369 0.002
371.480 0.002
371.591 0.002
371.703 0.002
371.814 0.002
371.926 0.002
372.037 0.002
372.149 0.002
372.261 0.002
372.372 0.002
372.484 0.002
372.596 0.002
372.708 0.002
372.820 0.002
372.932 0.002
373.045 0.002
373.157 0.002
373.269 0.002
373.382 0.002
373.494 0.002
373.607 0.002
373.719 0.002
373.832 0.002
373.945 0.002
374.057 0.002
374.170 0.002
374.283 0.002
374.396 0.002
374.509 0.002
374.622 0.002
374.736 0.002
374.849 0.003
374.962 0.003
375.076 0.003
375.189 0.003
375.303 0.003
375.416 0.003
375.530 0.003
375.644 0.003
375.758 0.003
375.871 0.003
375.985 0.003
376.099 0.003
376.214 0.003
376.328 0.003
376.442 0.003
376.556 0.003
376.671 0.003
376.785 0.003
376.900 0.003
377.014 0.003
377.129 0.003
377.244 0.003
377.358 0.003
377.473 0.003
377.588 0.003
377.703 0.003
377.818 0.003
377.934 0.003
378.049 0.003
378.164 0.003
378.279 0.003
378.395 0.003
378.510 0.003
378.626 0.003
378.742 0.003
378.857 0.003
378.973 0.003
379.089 0.003
379.205 0.003
379.321 0.003
379.437 0.003
379.553 0.003
379.669 0.003
379.786 0.003
379.902 0.003
380.018 0.003
380.135 0.003
380.251 0.003
380.368 0.003
380.485 0.003
380.602 0.003
380.718 0.003
380.835 0.003
380.952 0.003
381.069 0.003
381.187 0.003
381.304 0.003
381.421 0.003
381.538 0.003
381.656 0.003
381.773 0.003
381.891 0.003
382.009 0.003
382.126 0.003
382.244 0.003
382.362 0.003
382.480 0.003
382.598 0.003
382.716 0.003
382.834 0.003
382.952 0.003
383.071 0.003
383.189 0.003
383.308 0.003
383.426 0.003
383.545 0.003
383.663 0.003
383.782 0.003
383.901 0.003
384.020 0.003
384.139 0.003
384.258 0.003
384.377 0.003
384.496 0.003
384.615 0.003
384.735 0.003
384.854 0.003
384.974 0.003
385.093 0.003
385.213 0.003
385.333 0.003
385.452 0.003
385.572 0.003
385.692 0.003
385.812 0.003
385.932 0.003
386.052 0.003
386.173 0.003
386.293 0.003
386.413 0.003
386.534 0.003
386.654 0.003
386.775 0.003
386.895 0.003
387.016 0.003
387.137 0.003
387.258 0.003
387.379 0.003
387.500 0.003
387.621 0.003
387.742 0.003
387.864 0.003
387.985 0.003
388.106 0.003
388.228 0.003
388.350 0.003
388.471 0.003
388.593 0.003
388.715 0.003
>>>>>>> cbf1fbc04ec25b207980f441260079819b4adc8e
388.837 0.003
388.959 0.003
389.081 0.003
389.203 0.003
389.325 0.003
389.447 0.003
389.570 0.003
389.692 0.003
389.815 0.003
389.937 0.003
390.060 0.003
390.183 0.003
390.305 0.003
390.428 0.003
390.551 0.003
390.674 0.003
390.797 0.003
390.921 0.003
391.044 0.003
391.167 0.003
391.291 0.003
391.414 0.003
391.538 0.003
391.661 0.003
391.785 0.003
391.909 0.003
392.033 0.003
392.157 0.003
392.281 0.003
392.405 0.003
392.529 0.003
392.654 0.003
392.778 0.003
392.902 0.003
393.027 0.003
393.152 0.003
393.276 0.003
393.401 0.003
<<<<<<< HEAD
393.526 0.004
393.651 0.004
393.776 0.004
393.901 0.004
394.026 0.004
394.151 0.004
394.277 0.004
394.402 0.004
394.528 0.004
394.653 0.004
394.779 0.004
394.904 0.004
395.030 0.004
395.156 0.004
395.282 0.004
395.408 0.004
395.534 0.004
395.660 0.004
395.787 0.004
395.913 0.005
396.040 0.005
396.166 0.005
396.293 0.005
396.419 0.005
396.546 0.005
396.673 0.005
396.800 0.005
396.927 0.005
397.054 0.005
397.181 0.005
397.309 0.006
397.436 0.006
397.563 0.006
397.691 0.006
397.818 0.006
397.946 0.006
398.074 0.006
398.202 0.007
398.330 0.007
398.458 0.007
398.586 0.007
398.714 0.007
398.842 0.008
398.970 0.008
399.099 0.008
399.227 0.008
399.356 0.009
399.485 0.009
399.613 0.010
399.742 0.010
399.871 0.010
400.000 0.011
400.129 0.011
400.258 0.012
400.387 0.013
400.517 0.013
400.646 0.014
400.776 0.015
400.905 0.016
401.035 0.017
401.165 0.019
401.294 0.020
401.424 0.022
401.554 0.024
401.684 0.027
401.815 0.030
401.945 0.033
402.075 0.038
402.206 0.043
402.336 0.050
402.467 0.059
402.597 0.071
402.728 0.087
402.859 0.110
402.990 0.142
403.121 0.191
403.252 0.268
403.383 0.393
403.514 0.591
403.646 0.853
403.777 1.000
403.909 0.852
404.040 0.590
404.172 0.393
404.304 0.269
404.436 0.193
404.568 0.145
404.700 0.114
404.832 0.092
404.964 0.077
405.096 0.067
405.229 0.059
405.361 0.054
405.494 0.050
405.626 0.048
405.759 0.046
405.892 0.046
406.025 0.046
406.158 0.047
406.291 0.048
406.424 0.050
406.557 0.052
406.691 0.054
406.824 0.056
406.958 0.059
407.091 0.061
407.225 0.063
407.359 0.064
407.493 0.066
407.627 0.067
407.761 0.069
407.895 0.070
408.029 0.071
408.163 0.072
408.298 0.073
408.432 0.075
408.567 0.076
408.701 0.078
408.836 0.080
408.971 0.083
409.106 0.085
409.241 0.088
409.376 0.092
409.511 0.095
409.647 0.098
409.782 0.101
409.917 0.104
410.053 0.108
410.189 0.111
410.324 0.114
410.460 0.116
410.596 0.119
410.732 0.123
410.868 0.126
411.004 0.129
411.141 0.133
411.277 0.137
411.413 0.142
411.550 0.146
411.687 0.150
411.823 0.155
411.960 0.159
412.097 0.162
412.234 0.165
412.371 0.168
412.508 0.170
412.646 0.171
412.783 0.172
412.920 0.173
413.058 0.174
413.196 0.174
413.333 0.175
413.471 0.177
413.609 0.179
413.747 0.182
413.885 0.186
414.023 0.191
414.162 0.198
414.300 0.205
414.439 0.214
414.577 0.223
414.716 0.232
414.854 0.242
414.993 0.252
415.132 0.261
415.271 0.270
415.410 0.277
415.550 0.283
415.689 0.288
415.828 0.291
415.968 0.292
416.107 0.292
416.247 0.290
416.387 0.287
416.527 0.283
416.667 0.278
416.807 0.273
416.947 0.268
417.087 0.263
417.227 0.257
417.368 0.253
417.508 0.249
417.649 0.246
417.790 0.243
417.931 0.241
418.071 0.240
418.212 0.239
418.354 0.240
418.495 0.241
418.636 0.242
418.777 0.244
418.919 0.247
419.060 0.249
419.202 0.252
419.344 0.255
419.486 0.258
419.628 0.261
419.770 0.264
419.912 0.266
420.054 0.268
420.197 0.271
420.339 0.273
420.482 0.276
420.624 0.279
420.767 0.283
420.910 0.288
421.053 0.293
421.196 0.300
421.339 0.307
421.482 0.315
421.625 0.323
421.769 0.332
421.912 0.342
422.056 0.351
422.200 0.361
422.343 0.370
422.487 0.380
422.631 0.389
422.775 0.397
422.920 0.405
423.064 0.413
423.208 0.420
423.353 0.426
423.497 0.432
423.642 0.438
423.787 0.443
423.932 0.448
424.077 0.452
424.222 0.457
424.367 0.461
424.512 0.466
424.658 0.470
424.803 0.474
424.949 0.478
425.094 0.481
425.240 0.484
425.386 0.485
425.532 0.485
425.678 0.483
425.824 0.479
425.970 0.473
426.117 0.465
426.263 0.456
426.410 0.445
426.557 0.433
426.703 0.420
426.850 0.407
426.997 0.394
427.144 0.382
427.292 0.370
427.439 0.360
427.586 0.351
427.734 0.344
427.881 0.338
428.029 0.333
428.177 0.330
428.325 0.328
428.473 0.326
428.621 0.326
428.769 0.327
428.917 0.328
429.066 0.329
429.214 0.331
429.363 0.334
429.512 0.336
429.660 0.339
429.809 0.341
429.958 0.344
430.108 0.347
430.257 0.350
430.406 0.353
430.556 0.356
430.705 0.359
430.855 0.362
431.005 0.365
431.154 0.368
431.304 0.372
431.454 0.375
431.605 0.379
431.755 0.382
431.905 0.386
432.056 0.389
432.206 0.393
432.357 0.397
432.508 0.400
432.659 0.404
432.810 0.407
432.961 0.411
433.112 0.415
433.263 0.418
433.415 0.422
433.566 0.425
433.718 0.429
433.870 0.433
434.022 0.436
434.174 0.440
434.326 0.444
434.478 0.447
434.630 0.451
434.783 0.455
434.935 0.458
435.088 0.462
435.240 0.466
435.393 0.469
435.546 0.473
435.699 0.476
435.852 0.479
436.006 0.482
436.159 0.485
436.312 0.488
436.466 0.491
436.620 0.493
436.774 0.496
436.927 0.498
437.081 0.501
437.236 0.503
437.390 0.505
437.544 0.507
437.699 0.509
437.853 0.511
438.008 0.513
438.163 0.514
438.317 0.515
438.472 0.517
438.628 0.517
438.783 0.518
438.938 0.519
439.093 0.519
439.249 0.519
439.405 0.519
439.560 0.518
439.716 0.517
439.872 0.516
440.028 0.515
440.185 0.514
440.341 0.513
440.497 0.512
440.654 0.510
440.811 0.509
440.967 0.508
441.124 0.507
441.281 0.506
441.438 0.505
441.595 0.505
441.753 0.505
441.910 0.505
442.068 0.505
442.225 0.506
442.383 0.506
442.541 0.507
442.699 0.509
442.857 0.510
443.015 0.512
443.174 0.513
443.332 0.515
443.491 0.517
443.649 0.519
443.808 0.521
443.967 0.523
444.126 0.526
444.285 0.528
444.444 0.530
444.604 0.533
444.763 0.535
444.923 0.537
445.083 0.540
445.242 0.542
445.402 0.544
445.562 0.547
445.723 0.549
445.883 0.551
446.043 0.553
446.204 0.555
446.364 0.557
446.525 0.559
446.686 0.560
446.847 0.562
447.008 0.563
447.169 0.564
447.330 0.564
447.492 0.565
447.653 0.565
447.815 0.565
447.977 0.565
448.139 0.564
448.301 0.564
448.463 0.563
448.625 0.562
448.788 0.560
448.950 0.559
449.113 0.557
449.275 0.555
449.438 0.553
449.601 0.551
449.764 0.549
449.927 0.547
450.091 0.544
450.254 0.542
450.418 0.539
450.581 0.537
450.745 0.534
450.909 0.531
451.073 0.529
451.237 0.526
451.402 0.523
451.566 0.521
451.730 0.518
451.895 0.516
452.060 0.514
452.225 0.512
452.390 0.510
452.555 0.509
452.720 0.507
452.885 0.506
453.051 0.505
453.216 0.504
453.382 0.504
453.548 0.504
453.714 0.503
453.880 0.504
454.046 0.504
454.212 0.504
454.379 0.505
454.545 0.505
454.712 0.506
454.879 0.507
455.046 0.508
455.213 0.508
455.380 0.509
455.547 0.510
455.715 0.511
455.882 0.512
456.050 0.513
456.218 0.514
456.386 0.515
456.554 0.517
456.722 0.518
456.890 0.519
457.059 0.520
457.227 0.521
457.396 0.522
457.565 0.523
457.733 0.524
457.903 0.525
458.072 0.525
458.241 0.526
458.410 0.527
458.580 0.528
458.750 0.529
458.919 0.529
459.089 0.530
459.259 0.531
459.429 0.531
459.600 0.532
459.770 0.533
459.941 0.533
460.111 0.533
460.282 0.534
460.453 0.534
460.624 0.534
460.795 0.535
460.967 0.535
461.138 0.535
461.310 0.535
461.481 0.535
461.653 0.535
461.825 0.535
461.997 0.534
462.169 0.534
462.342 0.534
462.514 0.533
462.687 0.533
462.859 0.532
463.032 0.531
463.205 0.531
463.378 0.530
463.551 0.529
463.725 0.528
463.898 0.527
464.072 0.526
464.246 0.525
464.419 0.524
464.593 0.523
464.768 0.522
464.942 0.521
465.116 0.519
465.291 0.518
465.465 0.517
465.640 0.516
465.815 0.514
465.990 0.513
466.165 0.512
466.341 0.511
466.516 0.509
466.692 0.508
466.867 0.507
467.043 0.506
467.219 0.505
467.395 0.504
467.572 0.502
467.748 0.501
467.925 0.500
468.101 0.499
468.278 0.499
468.455 0.498
468.632 0.497
468.809 0.496
468.986 0.495
469.164 0.494
469.341 0.494
469.519 0.493
469.697 0.492
469.875 0.492
470.053 0.491
470.231 0.491
470.410 0.490
470.588 0.489
470.767 0.489
470.946 0.488
471.125 0.488
471.304 0.487
471.483 0.486
471.662 0.485
471.842 0.485
472.021 0.484
472.201 0.483
472.381 0.482
472.561 0.482
472.741 0.481
472.921 0.480
473.102 0.479
473.282 0.478
473.463 0.477
473.644 0.475
473.825 0.474
474.006 0.473
474.187 0.472
474.369 0.471
474.550 0.469
474.732 0.468
474.914 0.466
475.096 0.465
475.278 0.464
475.460 0.462
475.643 0.460
475.825 0.459
476.008 0.457
476.190 0.456
476.373 0.454
476.556 0.452
476.740 0.451
476.923 0.449
477.107 0.447
477.290 0.446
477.474 0.444
477.658 0.443
477.842 0.441
478.026 0.439
478.211 0.438
478.395 0.436
478.580 0.435
478.764 0.433
478.949 0.432
479.134 0.430
479.320 0.429
479.505 0.428
479.691 0.426
479.876 0.425
480.062 0.424
480.248 0.422
480.434 0.421
480.620 0.420
480.807 0.419
480.993 0.418
481.180 0.417
481.366 0.416
481.553 0.415
481.740 0.414
481.928 0.413
482.115 0.412
482.303 0.411
482.490 0.410
482.678 0.410
482.866 0.409
483.054 0.408
483.242 0.407
483.431 0.406
483.619 0.405
483.808 0.405
483.997 0.404
484.186 0.403
484.375 0.402
484.564 0.401
484.754 0.401
484.943 0.400
485.133 0.399
485.323 0.398
485.513 0.397
485.703 0.396
485.893 0.396
486.084 0.395
486.275 0.394
486.465 0.393
486.656 0.392
486.847 0.391
487.038 0.390
487.230 0.389
487.421 0.388
487.613 0.387
487.805 0.386
487.997 0.385
488.189 0.384
488.381 0.383
488.574 0.382
488.766 0.381
488.959 0.379
489.152 0.378
489.345 0.377
489.538 0.376
489.731 0.375
489.925 0.373
490.119 0.372
490.312 0.371
490.506 0.370
490.700 0.368
490.895 0.367
491.089 0.366
491.284 0.364
491.478 0.363
491.673 0.362
491.868 0.360
492.063 0.359
492.259 0.358
492.454 0.356
492.650 0.355
492.846 0.353
493.042 0.352
493.238 0.351
493.434 0.349
493.631 0.348
493.827 0.346
494.024 0.345
494.221 0.344
494.418 0.342
494.615 0.341
494.812 0.339
495.010 0.338
495.208 0.337
495.406 0.335
495.604 0.334
495.802 0.333
496.000 0.331
496.198 0.330
496.397 0.328
496.596 0.327
496.795 0.326
496.994 0.325
497.193 0.323
497.393 0.322
497.592 0.321
497.792 0.319
497.992 0.318
498.192 0.317
498.392 0.316
498.593 0.314
498.793 0.313
498.994 0.312
499.195 0.311
499.396 0.309
499.597 0.308
499.798 0.307
500.000 0.306
500.202 0.305
500.404 0.303
500.606 0.302
500.808 0.301
501.010 0.300
501.213 0.298
501.415 0.297
501.618 0.296
501.821 0.295
502.024 0.294
502.228 0.292
502.431 0.291
502.635 0.290
502.839 0.289
503.043 0.287
503.247 0.286
503.451 0.285
503.656 0.284
503.860 0.282
504.065 0.281
504.270 0.280
504.475 0.279
504.681 0.277
504.886 0.276
505.092 0.275
505.297 0.274
505.503 0.272
505.710 0.271
505.916 0.270
506.122 0.268
506.329 0.267
506.536 0.266
506.743 0.265
506.950 0.263
507.157 0.262
507.365 0.261
507.573 0.260
507.781 0.259
507.989 0.257
508.197 0.256
508.405 0.255
508.614 0.254
508.822 0.252
509.031 0.251
509.240 0.250
509.449 0.249
509.659 0.248
509.868 0.247
510.078 0.245
510.288 0.244
510.498 0.243
510.708 0.242
510.919 0.241
511.129 0.240
511.340 0.239
511.551 0.238
511.762 0.237
511.974 0.236
512.185 0.235
512.397 0.233
512.609 0.232
512.821 0.231
513.033 0.230
513.245 0.229
513.458 0.228
513.670 0.227
513.883 0.226
514.096 0.225
514.309 0.224
514.523 0.223
514.736 0.222
514.950 0.221
515.164 0.220
515.378 0.219
515.593 0.218
515.807 0.217
516.022 0.216
516.236 0.215
516.451 0.214
516.667 0.213
516.882 0.212
517.098 0.211
517.313 0.210
517.529 0.209
517.745 0.208
517.962 0.207
518.178 0.206
518.395 0.205
518.611 0.204
518.828 0.203
519.046 0.202
519.263 0.201
519.481 0.200
519.698 0.199
519.916 0.198
520.134 0.197
520.352 0.196
520.571 0.195
520.790 0.194
521.008 0.193
521.227 0.192
521.447 0.191
521.666 0.190
521.886 0.189
522.105 0.188
522.325 0.187
522.545 0.186
522.766 0.185
522.986 0.184
523.207 0.183
523.428 0.183
523.649 0.182
523.870 0.181
524.091 0.180
524.313 0.179
524.535 0.178
524.757 0.177
524.979 0.176
525.201 0.175
525.424 0.174
525.646 0.173
525.869 0.172
526.092 0.171
526.316 0.170
526.539 0.169
526.763 0.168
526.987 0.167
527.211 0.166
527.435 0.165
527.660 0.164
527.884 0.163
528.109 0.162
528.334 0.161
528.559 0.161
528.785 0.160
529.010 0.159
529.236 0.158
529.462 0.157
529.688 0.156
529.915 0.155
530.141 0.154
530.368 0.153
530.595 0.153
530.822 0.152
531.049 0.151
531.277 0.150
531.505 0.149
531.732 0.148
531.961 0.147
532.189 0.147
532.417 0.146
532.646 0.145
532.875 0.144
533.104 0.143
533.333 0.142
533.563 0.142
533.793 0.141
534.022 0.140
534.252 0.139
534.483 0.138
534.713 0.138
534.944 0.137
535.175 0.136
535.406 0.135
535.637 0.134
535.869 0.134
536.100 0.133
536.332 0.132
536.564 0.131
536.797 0.130
537.029 0.130
537.262 0.129
537.495 0.128
537.728 0.127
537.961 0.127
538.194 0.126
538.428 0.125
538.662 0.124
538.896 0.124
539.130 0.123
539.365 0.122
539.600 0.121
539.835 0.121
540.070 0.120
540.305 0.119
540.541 0.118
540.776 0.118
541.012 0.117
541.248 0.116
541.485 0.116
541.721 0.115
541.958 0.114
542.195 0.114
542.432 0.113
542.670 0.112
542.907 0.111
543.145 0.111
543.383 0.110
543.621 0.109
543.860 0.109
544.098 0.108
544.337 0.107
544.576 0.107
544.815 0.106
545.055 0.105
545.295 0.105
545.535 0.104
545.775 0.104
546.015 0.103
546.256 0.102
546.496 0.102
546.737 0.101
546.978 0.100
547.220 0.100
547.461 0.099
547.703 0.099
547.945 0.098
548.187 0.097
548.430 0.097
548.673 0.096
548.915 0.095
549.159 0.095
549.402 0.094
549.645 0.094
549.889 0.093
550.133 0.093
550.377 0.092
550.622 0.091
550.866 0.091
551.111 0.090
551.356 0.090
551.601 0.089
551.847 0.089
552.093 0.088
552.339 0.087
552.585 0.087
552.831 0.086
553.078 0.086
553.324 0.085
553.571 0.085
553.819 0.084
554.066 0.084
554.314 0.083
554.562 0.082
554.810 0.082
555.058 0.081
555.307 0.081
555.556 0.080
555.805 0.080
556.054 0.079
556.303 0.079
556.553 0.078
556.803 0.078
557.053 0.077
557.303 0.077
557.554 0.076
557.805 0.076
558.056 0.075
558.307 0.075
558.559 0.074
558.810 0.074
559.062 0.073
559.314 0.073
559.567 0.072
559.819 0.072
560.072 0.071
560.325 0.071
560.579 0.070
560.832 0.070
561.086 0.069
561.340 0.069
561.594 0.068
561.849 0.068
562.103 0.067
562.358 0.067
562.613 0.066
562.869 0.066
563.124 0.066
563.380 0.065
563.636 0.065
563.893 0.064
564.149 0.064
564.406 0.063
564.663 0.063
564.920 0.062
565.178 0.062
565.435 0.062
565.693 0.061
565.952 0.061
566.210 0.060
566.469 0.060
566.728 0.059
566.987 0.059
567.246 0.059
567.506 0.058
567.766 0.058
568.026 0.057
568.286 0.057
568.547 0.057
568.807 0.056
569.068 0.056
569.330 0.055
569.591 0.055
569.853 0.055
570.115 0.054
570.377 0.054
570.640 0.053
570.902 0.053
571.165 0.053
571.429 0.052
571.692 0.052
571.956 0.052
572.220 0.051
572.484 0.051
572.748 0.050
573.013 0.050
573.278 0.050
573.543 0.049
573.808 0.049
574.074 0.049
574.340 0.048
574.606 0.048
574.873 0.048
575.139 0.047
575.406 0.047
575.673 0.047
575.941 0.046
576.208 0.046
576.476 0.046
576.744 0.045
577.013 0.045
577.281 0.045
577.550 0.044
577.819 0.044
578.089 0.044
578.358 0.043
578.628 0.043
578.898 0.043
579.169 0.042
579.439 0.042
579.710 0.042
579.981 0.041
580.253 0.041
580.524 0.041
580.796 0.041
581.068 0.040
581.341 0.040
581.614 0.040
581.886 0.039
582.160 0.039
582.433 0.039
582.707 0.038
582.981 0.038
583.255 0.038
583.529 0.038
583.804 0.037
584.079 0.037
584.354 0.037
584.630 0.036
584.906 0.036
585.182 0.036
585.458 0.036
585.735 0.035
586.011 0.035
586.288 0.035
586.566 0.035
586.843 0.034
587.121 0.034
587.399 0.034
587.678 0.034
587.956 0.033
588.235 0.033
588.514 0.033
588.794 0.033
589.074 0.032
589.354 0.032
589.634 0.032
589.914 0.032
590.195 0.031
590.476 0.031
590.758 0.031
591.039 0.031
591.321 0.030
591.603 0.030
591.885 0.030
592.168 0.030
592.451 0.029
592.734 0.029
593.018 0.029
593.301 0.029
593.585 0.029
593.870 0.028
594.154 0.028
594.439 0.028
594.724 0.028
595.010 0.027
595.295 0.027
595.581 0.027
595.867 0.027
596.154 0.027
596.441 0.026
596.728 0.026
597.015 0.026
597.303 0.026
597.590 0.026
597.878 0.025
598.167 0.025
598.456 0.025
598.745 0.025
599.034 0.025
599.323 0.024
599.613 0.024
599.903 0.024
600.194 0.024
600.484 0.024
600.775 0.023
601.066 0.023
601.358 0.023
601.650 0.023
601.942 0.023
602.234 0.023
602.527 0.022
602.820 0.022
603.113 0.022
603.406 0.022
603.700 0.022
603.994 0.021
604.288 0.021
604.583 0.021
604.878 0.021
605.173 0.021
605.469 0.021
605.765 0.020
606.061 0.020
606.357 0.020
606.654 0.020
606.951 0.020
607.248 0.020
607.545 0.019
607.843 0.019
608.141 0.019
608.440 0.019
608.738 0.019
609.037 0.019
609.337 0.019
609.636 0.018
609.936 0.018
610.236 0.018
610.537 0.018
610.837 0.018
611.138 0.018
611.440 0.018
611.741 0.017
612.043 0.017
612.346 0.017
612.648 0.017
612.951 0.017
613.254 0.017
613.558 0.017
613.861 0.016
614.165 0.016
614.470 0.016
614.774 0.016
615.079 0.016
615.385 0.016
615.690 0.016
615.996 0.015
616.302 0.015
616.609 0.015
616.915 0.015
617.222 0.015
617.530 0.015
617.838 0.015
618.146 0.015
618.454 0.014
618.762 0.014
619.071 0.014
619.381 0.014
619.690 0.014
620.000 0.014
620.310 0.014
620.621 0.014
620.931 0.014
621.242 0.013
621.554 0.013
621.866 0.013
622.178 0.013
622.490 0.013
622.803 0.013
623.116 0.013
623.429 0.013
623.742 0.013
624.056 0.012
624.371 0.012
624.685 0.012
625.000 0.012
625.315 0.012
625.631 0.012
625.946 0.012
626.263 0.012
626.579 0.012
626.896 0.012
627.213 0.011
627.530 0.011
627.848 0.011
628.166 0.011
628.485 0.011
628.803 0.011
629.122 0.011
629.442 0.011
629.761 0.011
630.081 0.011
630.402 0.010
630.722 0.010
631.043 0.010
631.365 0.010
631.686 0.010
632.008 0.010
632.330 0.010
632.653 0.010
632.976 0.010
633.299 0.010
633.623 0.010
633.947 0.010
634.271 0.009
634.596 0.009
634.921 0.009
635.246 0.009
635.572 0.009
635.897 0.009
636.224 0.009
636.550 0.009
636.877 0.009
637.205 0.009
637.532 0.009
637.860 0.009
638.188 0.009
638.517 0.008
638.846 0.008
639.175 0.008
639.505 0.008
639.835 0.008
640.165 0.008
640.496 0.008
640.827 0.008
641.158 0.008
641.490 0.008
641.822 0.008
642.154 0.008
642.487 0.008
642.820 0.008
643.154 0.007
643.487 0.007
643.821 0.007
644.156 0.007
644.491 0.007
644.826 0.007
645.161 0.007
645.497 0.007
645.833 0.007
646.170 0.007
646.507 0.007
646.844 0.007
647.182 0.007
647.520 0.007
647.858 0.007
648.197 0.007
648.536 0.006
648.875 0.006
649.215 0.006
649.555 0.006
649.895 0.006
650.236 0.006
650.577 0.006
650.919 0.006
651.261 0.006
651.603 0.006
651.945 0.006
652.288 0.006
652.632 0.006
652.975 0.006
653.319 0.006
653.664 0.006
654.008 0.006
654.354 0.006
654.699 0.005
655.045 0.005
655.391 0.005
655.738 0.005
656.085 0.005
656.432 0.005
656.780 0.005
657.128 0.005
657.476 0.005
657.825 0.005
658.174 0.005
658.524 0.005
658.874 0.005
659.224 0.005
659.574 0.005
659.925 0.005
660.277 0.005
660.629 0.005
660.981 0.005
661.333 0.005
661.686 0.005
662.040 0.005
662.393 0.004
662.747 0.004
663.102 0.004
663.456 0.004
663.812 0.004
664.167 0.004
664.523 0.004
664.879 0.004
665.236 0.004
665.593 0.004
665.951 0.004
666.308 0.004
666.667 0.004
667.025 0.004
667.384 0.004
667.744 0.004
668.103 0.004
668.464 0.004
668.824 0.004
669.185 0.004
669.546 0.004
669.908 0.004
670.270 0.004
670.633 0.004
670.996 0.004
671.359 0.004
671.723 0.004
672.087 0.003
672.451 0.003
672.816 0.003
673.181 0.003
673.547 0.003
673.913 0.003
674.279 0.003
674.646 0.003
675.014 0.003
675.381 0.003
675.749 0.003
676.118 0.003
676.487 0.003
676.856 0.003
677.226 0.003
677.596 0.003
677.966 0.003
678.337 0.003
678.708 0.003
679.080 0.003
679.452 0.003
679.825 0.003
680.197 0.003
680.571 0.003
680.945 0.003
681.319 0.003
681.693 0.003
682.068 0.003
682.444 0.003
682.819 0.003
683.196 0.003
683.572 0.003
683.949 0.003
684.327 0.003
684.705 0.003
685.083 0.003
685.462 0.002
685.841 0.002
686.220 0.002
686.600 0.002
686.981 0.002
687.361 0.002
687.743 0.002
688.124 0.002
688.506 0.002
688.889 0.002
689.272 0.002
689.655 0.002
690.039 0.002
690.423 0.002
690.808 0.002
691.193 0.002
691.578 0.002
691.964 0.002
692.351 0.002
692.737 0.002
693.125 0.002
693.512 0.002
693.900 0.002
694.289 0.002
694.678 0.002
695.067 0.002
695.457 0.002
695.847 0.002
696.238 0.002
696.629 0.002
697.021 0.002
697.413 0.002
697.805 0.002
698.198 0.002
698.592 0.002
698.985 0.002
699.380 0.002
699.774 0.002
700.169 0.002
700.565 0.002
700.961 0.002
701.357 0.002
701.754 0.002
702.152 0.002
702.550 0.002
702.948 0.002
703.347 0.002
703.746 0.002
704.145 0.002
704.545 0.002
704.946 0.002
705.347 0.002
705.748 0.002
706.150 0.001
706.553 0.001
706.956 0.001
707.359 0.001
707.763 0.001
708.167 0.001
708.571 0.001
708.977 0.001
709.382 0.001
709.788 0.001
710.195 0.001
710.602 0.001
711.009 0.001
711.417 0.001
711.825 0.001
712.234 0.001
712.644 0.001
713.053 0.001
713.464 0.001
713.874 0.001
714.286 0.001
714.697 0.001
715.110 0.001
715.522 0.001
715.935 0.001
716.349 0.001
716.763 0.001
717.178 0.001
717.593 0.001
718.008 0.001
718.424 0.001
718.841 0.001
719.258 0.001
719.675 0.001
720.093 0.001
720.511 0.001
720.930 0.001
721.350 0.001
721.769 0.001
722.190 0.001
722.611 0.001
723.032 0.001
723.454 0.001
723.876 0.001
724.299 0.001
724.722 0.001
725.146 0.001
725.571 0.001
725.995 0.001
726.421 0.001
726.846 0.001
727.273 0.001
727.700 0.001
728.127 0.001
728.555 0.001
728.983 0.001
729.412 0.001
729.841 0.001
730.271 0.001
730.701 0.001
731.132 0.001
731.563 0.001
731.995 0.001
732.428 0.001
732.861 0.001
733.294 0.001
733.728 0.001
734.162 0.001
734.597 0.001
735.033 0.001
735.469 0.001
735.905 0.001
736.342 0.001
736.780 0.001
737.218 0.001
737.656 0.001
738.095 0.001
738.535 0.001
738.975 0.001
739.416 0.001
739.857 0.001
740.299 0.001
740.741 0.001
741.184 0.001
741.627 0.001
742.071 0.001
742.515 0.001
742.960 0.001
743.405 0.001
743.851 0.001
744.298 0.001
744.745 0.001
745.192 0.001
745.640 0.001
746.089 0.001
746.538 0.001
746.988 0.001
747.438 0.001
747.889 0.001
748.340 0.001
748.792 0.001
749.245 0.001
749.698 0.001
750.151 0.001
750.605 0.001
751.060 0.001
751.515 0.001
751.971 0.001
752.427 0.001
752.884 0.001
753.341 0.001
753.799 0.001
754.258 0.001
754.717 0.000
755.177 0.000
755.637 0.000
756.098 0.000
756.559 0.000
757.021 0.000
757.483 0.000
757.946 0.000
758.410 0.000
758.874 0.000
759.339 0.000
759.804 0.000
760.270 0.000
760.736 0.000
761.203 0.000
761.671 0.000
762.139 0.000
762.608 0.000
763.077 0.000
763.547 0.000
764.017 0.000
764.488 0.000
764.960 0.000
765.432 0.000
765.905 0.000
766.378 0.000
766.852 0.000
767.327 0.000
767.802 0.000
768.278 0.000
768.754 0.000
769.231 0.000
769.708 0.000
770.186 0.000
770.665 0.000
771.144 0.000
771.624 0.000
772.105 0.000
772.586 0.000
773.067 0.000
773.550 0.000
774.032 0.000
774.516 0.000
775.000 0.000
775.485 0.000
775.970 0.000
776.456 0.000
776.942 0.000
777.429 0.000
777.917 0.000
778.406 0.000
778.894 0.000
779.384 0.000
779.874 0.000
780.365 0.000
780.856 0.000
781.348 0.000
781.841 0.000
782.334 0.000
782.828 0.000
783.323 0.000
783.818 0.000
784.314 0.000
784.810 0.000
785.307 0.000
785.805 0.000
786.303 0.000
786.802 0.000
787.302 0.000
787.802 0.000
788.303 0.000
788.804 0.000
789.306 0.000
789.809 0.000
790.312 0.000
790.816 0.000
791.321 0.000
791.826 0.000
792.332 0.000
792.839 0.000
793.346 0.000
793.854 0.000
794.363 0.000
794.872 0.000
795.382 0.000
795.892 0.000
796.403 0.000
796.915 0.000
797.428 0.000
797.941 0.000
798.455 0.000
798.969 0.000
799.484 0.000
800.000 0.000
800.516 0.000
801.034 0.000
801.551 0.000
802.070 0.000
802.589 0.000
803.109 0.000
803.629 0.000
804.150 0.000
804.672 0.000
805.195 0.000
805.718 0.000
806.242 0.000
806.766 0.000
807.292 0.000
807.818 0.000
808.344 0.000
808.871 0.000
809.399 0.000
809.928 0.000
810.458 0.000
810.988 0.000
811.518 0.000
812.050 0.000
812.582 0.000
813.115 0.000
813.648 0.000
814.183 0.000
814.717 0.000
815.253 0.000
815.789 0.000
816.327 0.000
816.864 0.000
817.403 0.000
817.942 0.000
818.482 0.000
819.022 0.000
819.564 0.000
820.106 0.000
820.649 0.000
821.192 0.000
821.736 0.000
822.281 0.000
822.827 0.000
823.373 0.000
823.920 0.000
824.468 0.000
825.017 0.000
825.566 0.000
826.116 0.000
826.667 0.000
827.218 0.000
827.770 0.000
828.323 0.000
828.877 0.000
829.431 0.000
829.987 0.000
830.543 0.000
831.099 0.000
831.657 0.000
832.215 0.000
832.774 0.000
833.333 0.000
833.894 0.000
834.455 0.000
835.017 0.000
835.580 0.000
836.143 0.000
836.707 0.000
837.272 0.000
837.838 0.000
838.404 0.000
838.972 0.000
839.540 0.000
840.108 0.000
840.678 0.000
841.248 0.000
841.819 0.000
842.391 0.000
842.964 0.000
843.537 0.000
844.112 0.000
844.687 0.000
845.262 0.000
845.839 0.000
846.416 0.000
846.995 0.000
847.573 0.000
848.153 0.000
848.734 0.000
849.315 0.000
849.897 0.000
850.480 0.000
851.064 0.000
851.648 0.000
852.234 0.000
852.820 0.000
853.407 0.000
853.994 0.000
854.583 0.000
855.172 0.000
855.763 0.000
856.354 0.000
856.945 0.000
857.538 0.000
858.131 0.000
858.726 0.000
859.321 0.000
859.917 0.000
860.514 0.000
861.111 0.000
861.710 0.000
862.309 0.000
862.909 0.000
863.510 0.000
864.111 0.000
864.714 0.000
865.318 0.000
865.922 0.000
866.527 0.000
867.133 0.000
867.740 0.000
868.347 0.000
868.956 0.000
869.565 0.000
870.175 0.000
870.787 0.000
871.398 0.000
872.011 0.000
872.625 0.000
873.239 0.000
873.855 0.000
874.471 0.000
875.088 0.000
875.706 0.000
876.325 0.000
876.945 0.000
877.565 0.000
878.187 0.000
878.809 0.000
879.433 0.000
880.057 0.000
880.682 0.000
881.308 0.000
881.935 0.000
882.562 0.000
883.191 0.000
883.820 0.000
884.451 0.000
885.082 0.000
885.714 0.000
886.347 0.000
886.981 0.000
887.616 0.000
888.252 0.000
888.889 0.000
889.527 0.000
890.165 0.000
890.805 0.000
891.445 0.000
892.086 0.000
892.729 0.000
893.372 0.000
894.016 0.000
894.661 0.000
895.307 0.000
895.954 0.000
896.602 0.000
897.250 0.000
897.900 0.000
898.551 0.000
899.202 0.000
899.855 0.000
900.508 0.000
901.163 0.000
901.818 0.000
902.475 0.000
903.132 0.000
903.790 0.000
904.449 0.000
905.109 0.000
905.771 0.000
906.433 0.000
907.096 0.000
907.760 0.000
908.425 0.000
909.091 0.000
909.758 0.000
910.426 0.000
911.095 0.000
911.765 0.000
912.436 0.000
913.108 0.000
913.780 0.000
914.454 0.000
915.129 0.000
915.805 0.000
916.482 0.000
917.160 0.000
917.839 0.000
918.519 0.000
919.199 0.000
919.881 0.000
920.564 0.000
921.248 0.000
921.933 0.000
922.619 0.000
923.306 0.000
923.994 0.000
924.683 0.000
925.373 0.000
926.064 0.000
926.756 0.000
927.450 0.000
928.144 0.000
928.839 0.000
929.535 0.000
930.233 0.000
930.931 0.000
931.630 0.000
932.331 0.000
933.032 0.000
933.735 0.000
934.439 0.000
935.143 0.000
935.849 0.000
936.556 0.000
937.264 0.000
937.973 0.000
938.683 0.000
939.394 0.000
940.106 0.000
940.819 0.000
941.534 0.000
942.249 0.000
942.966 0.000
943.683 0.000
944.402 0.000
945.122 0.000
945.843 0.000
946.565 0.000
947.288 0.000
948.012 0.000
948.738 0.000
949.464 0.000
950.192 0.000
950.920 0.000
951.650 0.000
952.381 0.000
953.113 0.000
953.846 0.000
954.580 0.000
955.316 0.000
956.052 0.000
956.790 0.000
957.529 0.000
958.269 0.000
959.010 0.000
959.752 0.000
960.496 0.000
961.240 0.000
961.986 0.000
962.733 0.000
963.481 0.000
964.230 0.000
964.981 0.000
965.732 0.000
966.485 0.000
967.239 0.000
967.994 0.000
968.750 0.000
969.507 0.000
970.266 0.000
971.026 0.000
971.787 0.000
972.549 0.000
973.312 0.000
974.077 0.000
974.843 0.000
975.610 0.000
976.378 0.000
977.147 0.000
977.918 0.000
978.690 0.000
979.463 0.000
980.237 0.000
981.013 0.000
981.789 0.000
982.567 0.000
983.347 0.000
984.127 0.000
984.909 0.000
985.692 0.000
986.476 0.000
987.261 0.000
988.048 0.000
988.836 0.000
989.625 0.000
990.415 0.000
991.207 0.000
992.000 0.000
992.794 0.000
993.590 0.000
994.387 0.000
995.185 0.000
995.984 0.000
996.785 0.000
997.586 0.000
998.390 0.000
999.194 0.000
1000.000 0.000
1000.807 0.000
1001.616 0.000
1002.425 0.000
1003.236 0.000
1004.049 0.000
1004.862 0.000
1005.677 0.000
1006.494 0.000
1007.311 0.000
1008.130 0.000
1008.950 0.000
1009.772 0.000
1010.595 0.000
1011.419 0.000
1012.245 0.000
1013.072 0.000
1013.900 0.000
1014.730 0.000
1015.561 0.000
1016.393 0.000
1017.227 0.000
1018.062 0.000
1018.899 0.000
1019.737 0.000
1020.576 0.000
1021.417 0.000
1022.259 0.000
1023.102 0.000
1023.947 0.000
1024.793 0.000
1025.641 0.000
1026.490 0.000
1027.341 0.000
1028.192 0.000
1029.046 0.000
1029.900 0.000
1030.756 0.000
1031.614 0.000
1032.473 0.000
1033.333 0.000
1034.195 0.000
1035.058 0.000
1035.923 0.000
1036.789 0.000
1037.657 0.000
1038.526 0.000
1039.396 0.000
1040.268 0.000
1041.142 0.000
1042.017 0.000
1042.893 0.000
1043.771 0.000
1044.650 0.000
1045.531 0.000
1046.414 0.000
1047.297 0.000
1048.183 0.000
1049.069 0.000
1049.958 0.000
1050.847 0.000
1051.739 0.000
1052.632 0.000
1053.526 0.000
1054.422 0.000
1055.319 0.000
1056.218 0.000
1057.118 0.000
1058.020 0.000
1058.924 0.000
1059.829 0.000
1060.736 0.000
1061.644 0.000
1062.554 0.000
1063.465 0.000
1064.378 0.000
1065.292 0.000
1066.208 0.000
1067.126 0.000
1068.045 0.000
1068.966 0.000
1069.888 0.000
1070.812 0.000
1071.737 0.000
1072.664 0.000
1073.593 0.000
1074.523 0.000
1075.455 0.000
1076.389 0.000
1077.324 0.000
1078.261 0.000
1079.199 0.000
1080.139 0.000
1081.081 0.000
1082.024 0.000
1082.969 0.000
1083.916 0.000
1084.864 0.000
1085.814 0.000
1086.766 0.000
1087.719 0.000
1088.674 0.000
1089.631 0.000
1090.589 0.000
1091.549 0.000
1092.511 0.000
1093.474 0.000
1094.440 0.000
1095.406 0.000
1096.375 0.000
1097.345 0.000
1098.317 0.000
1099.291 0.000
1100.266 0.000
1101.243 0.000
1102.222 0.000
1103.203 0.000
1104.185 0.000
1105.169 0.000
1106.155 0.000
1107.143 0.000
1108.132 0.000
1109.123 0.000
1110.116 0.000
1111.111 0.000
1112.108 0.000
1113.106 0.000
1114.106 0.000
1115.108 0.000
1116.112 0.000
1117.117 0.000
1118.124 0.000
1119.134 0.000
1120.145 0.000
1121.157 0.000
1122.172 0.000
1123.188 0.000
1124.207 0.000
1125.227 0.000
1126.249 0.000
1127.273 0.000
1128.298 0.000
1129.326 0.000
1130.356 0.000
1131.387 0.000
1132.420 0.000
1133.455 0.000
1134.492 0.000
1135.531 0.000
1136.572 0.000
1137.615 0.000
1138.659 0.000
1139.706 0.000
1140.754 0.000
1141.805 0.000
1142.857 0.000
1143.911 0.000
1144.968 0.000
1146.026 0.000
1147.086 0.000
1148.148 0.000
1149.212 0.000
1150.278 0.000
1151.346 0.000
1152.416 0.000
1153.488 0.000
1154.562 0.000
1155.638 0.000
1156.716 0.000
1157.796 0.000
1158.879 0.000
1159.963 0.000
1161.049 0.000
1162.137 0.000
1163.227 0.000
1164.319 0.000
1165.414 0.000
1166.510 0.000
1167.608 0.000
1168.709 0.000
1169.811 0.000
1170.916 0.000
1172.023 0.000
1173.132 0.000
1174.242 0.000
1175.355 0.000
1176.471 0.000
1177.588 0.000
1178.707 0.000
1179.829 0.000
1180.952 0.000
1182.078 0.000
1183.206 0.000
1184.336 0.000
1185.468 0.000
1186.603 0.000
1187.739 0.000
1188.878 0.000
1190.019 0.000
1191.162 0.000
1192.308 0.000
1193.455 0.000
1194.605 0.000
1195.757 0.000
1196.911 0.000
1198.068 0.000
1199.226 0.000
1200.387 0.000
1201.550 0.000
1202.716 0.000
1203.883 0.000
1205.053 0.000
1206.226 0.000
1207.400 0.000
1208.577 0.000
1209.756 0.000
1210.938 0.000
1212.121 0.000
1213.307 0.000
1214.496 0.000
1215.686 0.000
1216.879 0.000
1218.075 0.000
1219.272 0.000
1220.472 0.000
1221.675 0.000
1222.880 0.000
1224.087 0.000
1225.296 0.000
1226.508 0.000
1227.723 0.000
1228.940 0.000
1230.159 0.000
1231.380 0.000
1232.604 0.000
1233.831 0.000
1235.060 0.000
1236.291 0.000
1237.525 0.000
1238.761 0.000
=======
393.526 0.003
393.651 0.003
393.776 0.003
393.901 0.003
394.026 0.003
394.151 0.003
394.277 0.003
394.402 0.003
394.528 0.003
394.653 0.003
394.779 0.003
394.904 0.003
395.030 0.003
395.156 0.003
395.282 0.003
395.408 0.003
395.534 0.003
395.660 0.003
395.787 0.003
395.913 0.004
396.040 0.004
396.166 0.004
396.293 0.004
396.419 0.004
396.546 0.004
396.673 0.004
396.800 0.004
396.927 0.004
397.054 0.004
397.181 0.004
397.309 0.004
397.436 0.004
397.563 0.004
397.691 0.004
397.818 0.004
397.946 0.004
398.074 0.004
398.202 0.004
398.330 0.004
398.458 0.004
398.586 0.004
398.714 0.004
398.842 0.004
398.970 0.004
399.099 0.004
399.227 0.004
399.356 0.004
399.485 0.004
399.613 0.004
399.742 0.004
399.871 0.004
400.000 0.004
400.129 0.004
400.258 0.005
400.387 0.005
400.517 0.005
400.646 0.005
400.776 0.005
400.905 0.005
401.035 0.005
401.165 0.005
401.294 0.006
401.424 0.006
401.554 0.006
401.684 0.006
401.815 0.007
401.945 0.007
402.075 0.007
402.206 0.008
402.336 0.009
402.467 0.010
402.597 0.011
402.728 0.013
402.859 0.015
402.990 0.018
403.121 0.024
403.252 0.032
403.383 0.045
403.514 0.065
403.646 0.093
403.777 0.108
403.909 0.092
404.040 0.065
404.172 0.045
404.304 0.032
404.436 0.024
404.568 0.019
404.700 0.016
404.832 0.014
404.964 0.012
405.096 0.011
405.229 0.010
405.361 0.010
405.494 0.010
405.626 0.009
405.759 0.009
405.892 0.010
406.025 0.010
406.158 0.010
406.291 0.011
406.424 0.012
406.557 0.013
406.691 0.014
406.824 0.016
406.958 0.017
407.091 0.019
407.225 0.021
407.359 0.023
407.493 0.025
407.627 0.026
407.761 0.028
407.895 0.029
408.029 0.030
408.163 0.030
408.298 0.030
408.432 0.029
408.567 0.028
408.701 0.027
408.836 0.026
408.971 0.024
409.106 0.022
409.241 0.021
409.376 0.019
409.511 0.018
409.647 0.017
409.782 0.016
409.917 0.016
410.053 0.016
410.189 0.016
410.324 0.016
410.460 0.016
410.596 0.017
410.732 0.018
410.868 0.019
411.004 0.020
411.141 0.021
411.277 0.022
411.413 0.023
411.550 0.024
411.687 0.025
411.823 0.026
411.960 0.026
412.097 0.027
412.234 0.027
412.371 0.027
412.508 0.027
412.646 0.027
412.783 0.028
412.920 0.028
413.058 0.028
413.196 0.028
413.333 0.029
413.471 0.030
413.609 0.032
413.747 0.034
413.885 0.036
414.023 0.038
414.162 0.041
414.300 0.044
414.439 0.047
414.577 0.050
414.716 0.053
414.854 0.056
414.993 0.058
415.132 0.059
415.271 0.060
415.410 0.060
415.550 0.060
415.689 0.059
415.828 0.058
415.968 0.056
416.107 0.054
416.247 0.052
416.387 0.050
416.527 0.049
416.667 0.047
416.807 0.046
416.947 0.046
417.087 0.046
417.227 0.046
417.368 0.048
417.508 0.049
417.649 0.052
417.790 0.055
417.931 0.058
418.071 0.062
418.212 0.066
418.354 0.071
418.495 0.075
418.636 0.079
418.777 0.083
418.919 0.086
419.060 0.089
419.202 0.091
419.344 0.092
419.486 0.092
419.628 0.092
419.770 0.090
419.912 0.088
420.054 0.086
420.197 0.083
420.339 0.080
420.482 0.077
420.624 0.074
420.767 0.071
420.910 0.069
421.053 0.067
421.196 0.065
421.339 0.064
421.482 0.063
421.625 0.063
421.769 0.064
421.912 0.064
422.056 0.066
422.200 0.067
422.343 0.069
422.487 0.070
422.631 0.072
422.775 0.074
422.920 0.076
423.064 0.078
423.208 0.079
423.353 0.081
423.497 0.082
423.642 0.083
423.787 0.084
423.932 0.084
424.077 0.085
424.222 0.086
424.367 0.086
424.512 0.086
424.658 0.087
424.803 0.087
424.949 0.087
425.094 0.088
425.240 0.088
425.386 0.089
425.532 0.089
425.678 0.090
425.824 0.091
425.970 0.093
426.117 0.094
426.263 0.096
426.410 0.098
426.557 0.101
426.703 0.103
426.850 0.106
426.997 0.109
427.144 0.113
427.292 0.116
427.439 0.119
427.586 0.123
427.734 0.126
427.881 0.129
428.029 0.132
428.177 0.135
428.325 0.138
428.473 0.140
428.621 0.142
428.769 0.144
428.917 0.146
429.066 0.148
429.214 0.149
429.363 0.150
429.512 0.151
429.660 0.151
429.809 0.152
429.958 0.153
430.108 0.153
430.257 0.154
430.406 0.154
430.556 0.155
430.705 0.156
430.855 0.156
431.005 0.157
431.154 0.157
431.304 0.158
431.454 0.158
431.605 0.158
431.755 0.158
431.905 0.157
432.056 0.157
432.206 0.156
432.357 0.156
432.508 0.155
432.659 0.155
432.810 0.155
432.961 0.155
433.112 0.155
433.263 0.155
433.415 0.155
433.566 0.156
433.718 0.157
433.870 0.158
434.022 0.159
434.174 0.161
434.326 0.162
434.478 0.164
434.630 0.166
434.783 0.168
434.935 0.170
435.088 0.172
435.240 0.174
435.393 0.175
435.546 0.177
435.699 0.179
435.852 0.180
436.006 0.181
436.159 0.182
436.312 0.183
436.466 0.183
436.620 0.184
436.774 0.184
436.927 0.184
437.081 0.184
437.236 0.184
437.390 0.184
437.544 0.185
437.699 0.185
437.853 0.186
438.008 0.186
438.163 0.187
438.317 0.188
438.472 0.190
438.628 0.191
438.783 0.193
438.938 0.195
439.093 0.197
439.249 0.199
439.405 0.202
439.560 0.205
439.716 0.207
439.872 0.210
440.028 0.213
440.185 0.216
440.341 0.219
440.497 0.222
440.654 0.225
440.811 0.228
440.967 0.231
441.124 0.233
441.281 0.236
441.438 0.238
441.595 0.241
441.753 0.243
441.910 0.245
442.068 0.247
442.225 0.249
442.383 0.251
442.541 0.253
442.699 0.254
442.857 0.256
443.015 0.258
443.174 0.260
443.332 0.261
443.491 0.263
443.649 0.265
443.808 0.267
443.967 0.269
444.126 0.271
444.285 0.274
444.444 0.276
444.604 0.278
444.763 0.281
444.923 0.283
445.083 0.286
445.242 0.288
445.402 0.291
445.562 0.293
445.723 0.296
445.883 0.298
446.043 0.301
446.204 0.303
446.364 0.305
446.525 0.307
446.686 0.309
446.847 0.311
447.008 0.313
447.169 0.314
447.330 0.315
447.492 0.317
447.653 0.318
447.815 0.319
447.977 0.320
448.139 0.320
448.301 0.321
448.463 0.322
448.625 0.322
448.788 0.323
448.950 0.323
449.113 0.324
449.275 0.324
449.438 0.325
449.601 0.325
449.764 0.326
449.927 0.326
450.091 0.327
450.254 0.328
450.418 0.328
450.581 0.329
450.745 0.330
450.909 0.331
451.073 0.333
451.237 0.334
451.402 0.336
451.566 0.337
451.730 0.339
451.895 0.341
452.060 0.343
452.225 0.345
452.390 0.347
452.555 0.349
452.720 0.351
452.885 0.353
453.051 0.356
453.216 0.358
453.382 0.360
453.548 0.363
453.714 0.365
453.880 0.368
454.046 0.370
454.212 0.373
454.379 0.375
454.545 0.378
454.712 0.380
454.879 0.383
455.046 0.385
455.213 0.388
455.380 0.391
455.547 0.393
455.715 0.396
455.882 0.399
456.050 0.402
456.218 0.404
456.386 0.407
456.554 0.410
456.722 0.413
456.890 0.416
457.059 0.419
457.227 0.421
457.396 0.424
457.565 0.427
457.733 0.430
457.903 0.433
458.072 0.436
458.241 0.438
458.410 0.441
458.580 0.443
458.750 0.446
458.919 0.448
459.089 0.451
459.259 0.453
459.429 0.455
459.600 0.457
459.770 0.459
459.941 0.461
460.111 0.463
460.282 0.465
460.453 0.466
460.624 0.468
460.795 0.469
460.967 0.471
461.138 0.472
461.310 0.474
461.481 0.475
461.653 0.476
461.825 0.478
461.997 0.479
462.169 0.480
462.342 0.482
462.514 0.483
462.687 0.485
462.859 0.486
463.032 0.488
463.205 0.489
463.378 0.491
463.551 0.493
463.725 0.494
463.898 0.496
464.072 0.498
464.246 0.500
464.419 0.502
464.593 0.504
464.768 0.505
464.942 0.507
465.116 0.509
465.291 0.511
465.465 0.513
465.640 0.515
465.815 0.517
465.990 0.519
466.165 0.521
466.341 0.522
466.516 0.524
466.692 0.526
466.867 0.528
467.043 0.530
467.219 0.531
467.395 0.533
467.572 0.535
467.748 0.537
467.925 0.538
468.101 0.540
468.278 0.542
468.455 0.544
468.632 0.546
468.809 0.548
468.986 0.550
469.164 0.552
469.341 0.554
469.519 0.556
469.697 0.558
469.875 0.561
470.053 0.563
470.231 0.566
470.410 0.568
470.588 0.571
470.767 0.573
470.946 0.576
471.125 0.579
471.304 0.581
471.483 0.584
471.662 0.587
471.842 0.590
472.021 0.592
472.201 0.595
472.381 0.598
472.561 0.601
472.741 0.603
472.921 0.606
473.102 0.609
473.282 0.611
473.463 0.614
473.644 0.616
473.825 0.619
474.006 0.622
474.187 0.624
474.369 0.627
474.550 0.629
474.732 0.632
474.914 0.634
475.096 0.637
475.278 0.639
475.460 0.642
475.643 0.644
475.825 0.646
476.008 0.649
476.190 0.651
476.373 0.653
476.556 0.656
476.740 0.658
476.923 0.660
477.107 0.663
477.290 0.665
477.474 0.667
477.658 0.669
477.842 0.671
478.026 0.673
478.211 0.675
478.395 0.677
478.580 0.679
478.764 0.681
478.949 0.683
479.134 0.685
479.320 0.686
479.505 0.688
479.691 0.690
479.876 0.691
480.062 0.693
480.248 0.694
480.434 0.696
480.620 0.697
480.807 0.698
480.993 0.700
481.180 0.701
481.366 0.702
481.553 0.704
481.740 0.705
481.928 0.706
482.115 0.707
482.303 0.709
482.490 0.710
482.678 0.711
482.866 0.713
483.054 0.714
483.242 0.716
483.431 0.717
483.619 0.719
483.808 0.720
483.997 0.722
484.186 0.724
484.375 0.726
484.564 0.727
484.754 0.729
484.943 0.731
485.133 0.733
485.323 0.735
485.513 0.737
485.703 0.739
485.893 0.741
486.084 0.743
486.275 0.745
486.465 0.747
486.656 0.749
486.847 0.752
487.038 0.754
487.230 0.756
487.421 0.758
487.613 0.760
487.805 0.762
487.997 0.765
488.189 0.767
488.381 0.769
488.574 0.771
488.766 0.773
488.959 0.776
489.152 0.778
489.345 0.780
489.538 0.782
489.731 0.784
489.925 0.786
490.119 0.789
490.312 0.791
490.506 0.793
490.700 0.795
490.895 0.797
491.089 0.799
491.284 0.801
491.478 0.803
491.673 0.805
491.868 0.807
492.063 0.809
492.259 0.811
492.454 0.813
492.650 0.815
492.846 0.817
493.042 0.819
493.238 0.821
493.434 0.822
493.631 0.824
493.827 0.826
494.024 0.827
494.221 0.829
494.418 0.831
494.615 0.832
494.812 0.834
495.010 0.835
495.208 0.837
495.406 0.838
495.604 0.840
495.802 0.841
496.000 0.842
496.198 0.844
496.397 0.845
496.596 0.846
496.795 0.848
496.994 0.849
497.193 0.850
497.393 0.852
497.592 0.853
497.792 0.854
497.992 0.856
498.192 0.857
498.392 0.858
498.593 0.860
498.793 0.861
498.994 0.862
499.195 0.864
499.396 0.865
499.597 0.866
499.798 0.867
500.000 0.869
500.202 0.870
500.404 0.871
500.606 0.873
500.808 0.874
501.010 0.875
501.213 0.876
501.415 0.878
501.618 0.879
501.821 0.880
502.024 0.881
502.228 0.883
502.431 0.884
502.635 0.885
502.839 0.886
503.043 0.888
503.247 0.889
503.451 0.890
503.656 0.891
503.860 0.893
504.065 0.894
504.270 0.895
504.475 0.897
504.681 0.898
504.886 0.899
505.092 0.901
505.297 0.902
505.503 0.903
505.710 0.905
505.916 0.906
506.122 0.908
506.329 0.909
506.536 0.910
506.743 0.912
506.950 0.913
507.157 0.915
507.365 0.916
507.573 0.918
507.781 0.919
507.989 0.920
508.197 0.922
508.405 0.923
508.614 0.925
508.822 0.926
509.031 0.928
509.240 0.929
509.449 0.930
509.659 0.932
509.868 0.933
510.078 0.934
510.288 0.936
510.498 0.937
510.708 0.938
510.919 0.940
511.129 0.941
511.340 0.942
511.551 0.943
511.762 0.944
511.974 0.946
512.185 0.947
512.397 0.948
512.609 0.949
512.821 0.950
513.033 0.951
513.245 0.952
513.458 0.953
513.670 0.954
513.883 0.955
514.096 0.956
514.309 0.957
514.523 0.958
514.736 0.958
514.950 0.959
515.164 0.960
515.378 0.961
515.593 0.962
515.807 0.962
516.022 0.963
516.236 0.964
516.451 0.964
516.667 0.965
516.882 0.966
517.098 0.966
517.313 0.967
517.529 0.967
517.745 0.968
517.962 0.968
518.178 0.969
518.395 0.969
518.611 0.970
518.828 0.970
519.046 0.971
519.263 0.971
519.481 0.972
519.698 0.972
519.916 0.972
520.134 0.973
520.352 0.973
520.571 0.974
520.790 0.974
521.008 0.975
521.227 0.975
521.447 0.976
521.666 0.976
521.886 0.977
522.105 0.977
522.325 0.978
522.545 0.978
522.766 0.979
522.986 0.979
523.207 0.980
523.428 0.980
523.649 0.981
523.870 0.982
524.091 0.982
524.313 0.983
524.535 0.983
524.757 0.984
524.979 0.984
525.201 0.985
525.424 0.986
525.646 0.986
525.869 0.987
526.092 0.987
526.316 0.988
526.539 0.988
526.763 0.989
526.987 0.989
527.211 0.990
527.435 0.990
527.660 0.991
527.884 0.991
528.109 0.992
528.334 0.992
528.559 0.993
528.785 0.993
529.010 0.994
529.236 0.994
529.462 0.995
529.688 0.995
529.915 0.995
530.141 0.996
530.368 0.996
530.595 0.997
530.822 0.997
531.049 0.997
531.277 0.997
531.505 0.998
531.732 0.998
531.961 0.998
532.189 0.999
532.417 0.999
532.646 0.999
532.875 0.999
533.104 0.999
533.333 0.999
533.563 1.000
533.793 1.000
534.022 1.000
534.252 1.000
534.483 1.000
534.713 1.000
534.944 1.000
535.175 1.000
535.406 1.000
535.637 1.000
535.869 1.000
536.100 1.000
536.332 1.000
536.564 1.000
536.797 1.000
537.029 1.000
537.262 1.000
537.495 0.999
537.728 0.999
537.961 0.999
538.194 0.999
538.428 0.999
538.662 0.999
538.896 0.999
539.130 0.998
539.365 0.998
539.600 0.998
539.835 0.998
540.070 0.998
540.305 0.997
540.541 0.997
540.776 0.997
541.012 0.997
541.248 0.997
541.485 0.996
541.721 0.996
541.958 0.996
542.195 0.996
542.432 0.995
542.670 0.995
542.907 0.995
543.145 0.994
543.383 0.994
543.621 0.994
543.860 0.994
544.098 0.993
544.337 0.993
544.576 0.993
544.815 0.992
545.055 0.992
545.295 0.992
545.535 0.991
545.775 0.991
546.015 0.991
546.256 0.990
546.496 0.990
546.737 0.990
546.978 0.990
547.220 0.989
547.461 0.989
547.703 0.989
547.945 0.988
548.187 0.988
548.430 0.987
548.673 0.987
548.915 0.987
549.159 0.986
549.402 0.986
549.645 0.986
549.889 0.985
550.133 0.985
550.377 0.985
550.622 0.984
550.866 0.984
551.111 0.983
551.356 0.983
551.601 0.982
551.847 0.982
552.093 0.982
552.339 0.981
552.585 0.981
552.831 0.980
553.078 0.980
553.324 0.979
553.571 0.979
553.819 0.978
554.066 0.977
554.314 0.977
554.562 0.976
554.810 0.976
555.058 0.975
555.307 0.974
555.556 0.974
555.805 0.973
556.054 0.973
556.303 0.972
556.553 0.971
556.803 0.971
557.053 0.970
557.303 0.969
557.554 0.968
557.805 0.968
558.056 0.967
558.307 0.966
558.559 0.965
558.810 0.965
559.062 0.964
559.314 0.963
559.567 0.962
559.819 0.961
560.072 0.960
560.325 0.960
560.579 0.959
560.832 0.958
561.086 0.957
561.340 0.956
561.594 0.955
561.849 0.954
562.103 0.953
562.358 0.952
562.613 0.951
562.869 0.951
563.124 0.950
563.380 0.949
563.636 0.948
563.893 0.947
564.149 0.946
564.406 0.945
564.663 0.944
564.920 0.943
565.178 0.942
565.435 0.941
565.693 0.940
565.952 0.939
566.210 0.938
566.469 0.937
566.728 0.936
566.987 0.935
567.246 0.934
567.506 0.933
567.766 0.932
568.026 0.931
568.286 0.930
568.547 0.929
568.807 0.928
569.068 0.927
569.330 0.926
569.591 0.925
569.853 0.924
570.115 0.923
570.377 0.922
570.640 0.921
570.902 0.920
571.165 0.919
571.429 0.918
571.692 0.917
571.956 0.916
572.220 0.915
572.484 0.914
572.748 0.913
573.013 0.912
573.278 0.911
573.543 0.910
573.808 0.909
574.074 0.908
574.340 0.907
574.606 0.906
574.873 0.905
575.139 0.903
575.406 0.902
575.673 0.901
575.941 0.900
576.208 0.899
576.476 0.898
576.744 0.897
577.013 0.896
577.281 0.894
577.550 0.893
577.819 0.892
578.089 0.891
578.358 0.890
578.628 0.888
578.898 0.887
579.169 0.886
579.439 0.885
579.710 0.884
579.981 0.882
580.253 0.881
580.524 0.880
580.796 0.879
581.068 0.877
581.341 0.876
581.614 0.875
581.886 0.874
582.160 0.872
582.433 0.871
582.707 0.870
582.981 0.868
583.255 0.867
583.529 0.866
583.804 0.864
584.079 0.863
584.354 0.862
584.630 0.860
584.906 0.859
585.182 0.858
585.458 0.856
585.735 0.855
586.011 0.854
586.288 0.852
586.566 0.851
586.843 0.850
587.121 0.848
587.399 0.847
587.678 0.845
587.956 0.844
588.235 0.843
588.514 0.841
588.794 0.840
589.074 0.838
589.354 0.837
589.634 0.836
589.914 0.834
590.195 0.833
590.476 0.831
590.758 0.830
591.039 0.829
591.321 0.827
591.603 0.826
591.885 0.824
592.168 0.823
592.451 0.821
592.734 0.820
593.018 0.819
593.301 0.817
593.585 0.816
593.870 0.814
594.154 0.813
594.439 0.811
594.724 0.810
595.010 0.808
595.295 0.807
595.581 0.806
595.867 0.804
596.154 0.803
596.441 0.801
596.728 0.800
597.015 0.798
597.303 0.797
597.590 0.795
597.878 0.794
598.167 0.792
598.456 0.791
598.745 0.790
599.034 0.788
599.323 0.787
599.613 0.785
599.903 0.784
600.194 0.782
600.484 0.781
600.775 0.779
601.066 0.778
601.358 0.776
601.650 0.775
601.942 0.773
602.234 0.772
602.527 0.770
602.820 0.769
603.113 0.767
603.406 0.766
603.700 0.764
603.994 0.763
604.288 0.761
604.583 0.760
604.878 0.758
605.173 0.756
605.469 0.755
605.765 0.753
606.061 0.752
606.357 0.750
606.654 0.749
606.951 0.747
607.248 0.746
607.545 0.744
607.843 0.742
608.141 0.741
608.440 0.739
608.738 0.738
609.037 0.736
609.337 0.735
609.636 0.733
609.936 0.731
610.236 0.730
610.537 0.728
610.837 0.727
611.138 0.725
611.440 0.723
611.741 0.722
612.043 0.720
612.346 0.719
612.648 0.717
612.951 0.715
613.254 0.714
613.558 0.712
613.861 0.711
614.165 0.709
614.470 0.707
614.774 0.706
615.079 0.704
615.385 0.702
615.690 0.701
615.996 0.699
616.302 0.698
616.609 0.696
616.915 0.694
617.222 0.693
617.530 0.691
617.838 0.690
618.146 0.688
618.454 0.686
618.762 0.685
619.071 0.683
619.381 0.681
619.690 0.680
620.000 0.678
620.310 0.677
620.621 0.675
620.931 0.673
621.242 0.672
621.554 0.670
621.866 0.669
622.178 0.667
622.490 0.665
622.803 0.664
623.116 0.662
623.429 0.661
623.742 0.659
624.056 0.657
624.371 0.656
624.685 0.654
625.000 0.652
625.315 0.651
625.631 0.649
625.946 0.648
626.263 0.646
626.579 0.644
626.896 0.643
627.213 0.641
627.530 0.640
627.848 0.638
628.166 0.636
628.485 0.635
628.803 0.633
629.122 0.631
629.442 0.630
629.761 0.628
630.081 0.627
630.402 0.625
630.722 0.623
631.043 0.622
631.365 0.620
631.686 0.619
632.008 0.617
632.330 0.615
632.653 0.614
632.976 0.612
633.299 0.610
633.623 0.609
633.947 0.607
634.271 0.606
634.596 0.604
634.921 0.602
635.246 0.601
635.572 0.599
635.897 0.598
636.224 0.596
636.550 0.594
636.877 0.593
637.205 0.591
637.532 0.589
637.860 0.588
638.188 0.586
638.517 0.585
638.846 0.583
639.175 0.581
639.505 0.580
639.835 0.578
640.165 0.577
640.496 0.575
640.827 0.573
641.158 0.572
641.490 0.570
641.822 0.568
642.154 0.567
642.487 0.565
642.820 0.564
643.154 0.562
643.487 0.560
643.821 0.559
644.156 0.557
644.491 0.556
644.826 0.554
645.161 0.552
645.497 0.551
645.833 0.549
646.170 0.548
646.507 0.546
646.844 0.544
647.182 0.543
647.520 0.541
647.858 0.540
648.197 0.538
648.536 0.536
648.875 0.535
649.215 0.533
649.555 0.532
649.895 0.530
650.236 0.529
650.577 0.527
650.919 0.525
651.261 0.524
651.603 0.522
651.945 0.521
652.288 0.519
652.632 0.518
652.975 0.516
653.319 0.514
653.664 0.513
654.008 0.511
654.354 0.510
654.699 0.508
655.045 0.507
655.391 0.505
655.738 0.504
656.085 0.502
656.432 0.500
656.780 0.499
657.128 0.497
657.476 0.496
657.825 0.494
658.174 0.493
658.524 0.491
658.874 0.490
659.224 0.488
659.574 0.487
659.925 0.485
660.277 0.484
660.629 0.482
660.981 0.481
661.333 0.479
661.686 0.478
662.040 0.476
662.393 0.474
662.747 0.473
663.102 0.471
663.456 0.470
663.812 0.468
664.167 0.467
664.523 0.465
664.879 0.464
665.236 0.462
665.593 0.461
665.951 0.459
666.308 0.458
666.667 0.456
667.025 0.455
667.384 0.453
667.744 0.452
668.103 0.450
668.464 0.449
668.824 0.448
669.185 0.446
669.546 0.445
669.908 0.443
670.270 0.442
670.633 0.440
670.996 0.439
671.359 0.437
671.723 0.436
672.087 0.434
672.451 0.433
672.816 0.431
673.181 0.430
673.547 0.428
673.913 0.427
674.279 0.426
674.646 0.424
675.014 0.423
675.381 0.421
675.749 0.420
676.118 0.418
676.487 0.417
676.856 0.415
677.226 0.414
677.596 0.413
677.966 0.411
678.337 0.410
678.708 0.408
679.080 0.407
679.452 0.405
679.825 0.404
680.197 0.403
680.571 0.401
680.945 0.400
681.319 0.398
681.693 0.397
682.068 0.396
682.444 0.394
682.819 0.393
683.196 0.391
683.572 0.390
683.949 0.389
684.327 0.387
684.705 0.386
685.083 0.385
685.462 0.383
685.841 0.382
686.220 0.380
686.600 0.379
686.981 0.378
687.361 0.376
687.743 0.375
688.124 0.374
688.506 0.372
688.889 0.371
689.272 0.370
689.655 0.368
690.039 0.367
690.423 0.366
690.808 0.364
691.193 0.363
691.578 0.362
691.964 0.360
692.351 0.359
692.737 0.358
693.125 0.356
693.512 0.355
693.900 0.354
694.289 0.352
694.678 0.351
695.067 0.350
695.457 0.348
695.847 0.347
696.238 0.346
696.629 0.345
697.021 0.343
697.413 0.342
697.805 0.341
698.198 0.339
698.592 0.338
698.985 0.337
699.380 0.336
699.774 0.334
700.169 0.333
700.565 0.332
700.961 0.331
701.357 0.329
701.754 0.328
702.152 0.327
702.550 0.326
702.948 0.324
703.347 0.323
703.746 0.322
704.145 0.321
704.545 0.319
704.946 0.318
705.347 0.317
705.748 0.316
706.150 0.314
706.553 0.313
706.956 0.312
707.359 0.311
707.763 0.310
708.167 0.308
708.571 0.307
708.977 0.306
709.382 0.305
709.788 0.304
710.195 0.302
710.602 0.301
711.009 0.300
711.417 0.299
711.825 0.298
712.234 0.296
712.644 0.295
713.053 0.294
713.464 0.293
713.874 0.292
714.286 0.291
714.697 0.289
715.110 0.288
715.522 0.287
715.935 0.286
716.349 0.285
716.763 0.284
717.178 0.282
717.593 0.281
718.008 0.280
718.424 0.279
718.841 0.278
719.258 0.277
719.675 0.276
720.093 0.275
720.511 0.273
720.930 0.272
721.350 0.271
721.769 0.270
722.190 0.269
722.611 0.268
723.032 0.267
723.454 0.266
723.876 0.265
724.299 0.263
724.722 0.262
725.146 0.261
725.571 0.260
725.995 0.259
726.421 0.258
726.846 0.257
727.273 0.256
727.700 0.255
728.127 0.254
728.555 0.253
728.983 0.252
729.412 0.251
729.841 0.250
730.271 0.249
730.701 0.247
731.132 0.246
731.563 0.245
731.995 0.244
732.428 0.243
732.861 0.242
733.294 0.241
733.728 0.240
734.162 0.239
734.597 0.238
735.033 0.237
735.469 0.236
735.905 0.235
736.342 0.234
736.780 0.233
737.218 0.232
737.656 0.231
738.095 0.230
738.535 0.229
738.975 0.228
739.416 0.227
739.857 0.226
740.299 0.225
740.741 0.224
741.184 0.223
741.627 0.222
742.071 0.221
742.515 0.220
742.960 0.219
743.405 0.218
743.851 0.217
744.298 0.217
744.745 0.216
745.192 0.215
745.640 0.214
746.089 0.213
746.538 0.212
746.988 0.211
747.438 0.210
747.889 0.209
748.340 0.208
748.792 0.207
749.245 0.206
749.698 0.205
750.151 0.204
750.605 0.203
751.060 0.203
751.515 0.202
751.971 0.201
752.427 0.200
752.884 0.199
753.341 0.198
753.799 0.197
754.258 0.196
754.717 0.195
755.177 0.194
755.637 0.194
756.098 0.193
756.559 0.192
757.021 0.191
757.483 0.190
757.946 0.189
758.410 0.188
758.874 0.188
759.339 0.187
759.804 0.186
760.270 0.185
760.736 0.184
761.203 0.183
761.671 0.182
762.139 0.182
762.608 0.181
763.077 0.180
763.547 0.179
764.017 0.178
764.488 0.177
764.960 0.177
765.432 0.176
765.905 0.175
766.378 0.174
766.852 0.173
767.327 0.173
767.802 0.172
768.278 0.171
768.754 0.170
769.231 0.169
769.708 0.169
770.186 0.168
770.665 0.167
771.144 0.166
771.624 0.165
772.105 0.165
772.586 0.164
773.067 0.163
773.550 0.162
774.032 0.162
774.516 0.161
775.000 0.160
775.485 0.159
775.970 0.158
776.456 0.158
776.942 0.157
777.429 0.156
777.917 0.155
778.406 0.155
778.894 0.154
779.384 0.153
779.874 0.153
780.365 0.152
780.856 0.151
781.348 0.150
781.841 0.150
782.334 0.149
782.828 0.148
783.323 0.147
783.818 0.147
784.314 0.146
784.810 0.145
785.307 0.145
785.805 0.144
786.303 0.143
786.802 0.142
787.302 0.142
787.802 0.141
788.303 0.140
788.804 0.140
789.306 0.139
789.809 0.138
790.312 0.138
790.816 0.137
791.321 0.136
791.826 0.136
792.332 0.135
792.839 0.134
793.346 0.134
793.854 0.133
794.363 0.132
794.872 0.132
795.382 0.131
795.892 0.130
796.403 0.130
796.915 0.129
797.428 0.128
797.941 0.128
798.455 0.127
798.969 0.127
799.484 0.126
800.000 0.125
800.516 0.125
801.034 0.124
801.551 0.123
802.070 0.123
802.589 0.122
803.109 0.121
803.629 0.121
804.150 0.120
804.672 0.120
805.195 0.119
805.718 0.118
806.242 0.118
806.766 0.117
807.292 0.117
807.818 0.116
808.344 0.115
808.871 0.115
809.399 0.114
809.928 0.114
810.458 0.113
810.988 0.113
811.518 0.112
812.050 0.111
812.582 0.111
813.115 0.110
813.648 0.110
814.183 0.109
814.717 0.109
815.253 0.108
815.789 0.107
816.327 0.107
816.864 0.106
817.403 0.106
817.942 0.105
818.482 0.105
819.022 0.104
819.564 0.104
820.106 0.103
820.649 0.102
821.192 0.102
821.736 0.101
822.281 0.101
822.827 0.100
823.373 0.100
823.920 0.099
824.468 0.099
825.017 0.098
825.566 0.098
826.116 0.097
826.667 0.097
827.218 0.096
827.770 0.096
828.323 0.095
828.877 0.095
829.431 0.094
829.987 0.094
830.543 0.093
831.099 0.093
831.657 0.092
832.215 0.092
832.774 0.091
833.333 0.091
833.894 0.090
834.455 0.090
835.017 0.089
835.580 0.089
836.143 0.088
836.707 0.088
837.272 0.087
837.838 0.087
838.404 0.086
838.972 0.086
839.540 0.086
840.108 0.085
840.678 0.085
841.248 0.084
841.819 0.084
842.391 0.083
842.964 0.083
843.537 0.082
844.112 0.082
844.687 0.081
845.262 0.081
845.839 0.081
846.416 0.080
846.995 0.080
847.573 0.079
848.153 0.079
848.734 0.078
849.315 0.078
849.897 0.077
850.480 0.077
851.064 0.077
851.648 0.076
852.234 0.076
852.820 0.075
853.407 0.075
853.994 0.075
854.583 0.074
855.172 0.074
855.763 0.073
856.354 0.073
856.945 0.072
857.538 0.072
858.131 0.072
858.726 0.071
859.321 0.071
859.917 0.070
860.514 0.070
861.111 0.070
861.710 0.069
862.309 0.069
862.909 0.069
863.510 0.068
864.111 0.068
864.714 0.067
865.318 0.067
865.922 0.067
866.527 0.066
867.133 0.066
867.740 0.066
868.347 0.065
868.956 0.065
869.565 0.064
870.175 0.064
870.787 0.064
871.398 0.063
872.011 0.063
872.625 0.063
873.239 0.062
873.855 0.062
874.471 0.062
875.088 0.061
875.706 0.061
876.325 0.060
876.945 0.060
877.565 0.060
878.187 0.059
878.809 0.059
879.433 0.059
880.057 0.058
880.682 0.058
881.308 0.058
881.935 0.057
882.562 0.057
883.191 0.057
883.820 0.056
884.451 0.056
885.082 0.056
885.714 0.055
886.347 0.055
886.981 0.055
887.616 0.054
888.252 0.054
888.889 0.054
889.527 0.054
890.165 0.053
890.805 0.053
891.445 0.053
892.086 0.052
892.729 0.052
893.372 0.052
894.016 0.051
894.661 0.051
895.307 0.051
895.954 0.050
896.602 0.050
897.250 0.050
897.900 0.050
898.551 0.049
899.202 0.049
899.855 0.049
900.508 0.048
901.163 0.048
901.818 0.048
902.475 0.048
903.132 0.047
903.790 0.047
904.449 0.047
905.109 0.046
905.771 0.046
906.433 0.046
907.096 0.046
907.760 0.045
908.425 0.045
909.091 0.045
909.758 0.045
910.426 0.044
911.095 0.044
911.765 0.044
912.436 0.043
913.108 0.043
913.780 0.043
914.454 0.043
915.129 0.042
915.805 0.042
916.482 0.042
917.160 0.042
917.839 0.041
918.519 0.041
919.199 0.041
919.881 0.041
920.564 0.040
921.248 0.040
921.933 0.040
922.619 0.040
923.306 0.039
923.994 0.039
924.683 0.039
925.373 0.039
926.064 0.038
926.756 0.038
927.450 0.038
928.144 0.038
928.839 0.038
929.535 0.037
930.233 0.037
930.931 0.037
931.630 0.037
932.331 0.036
933.032 0.036
933.735 0.036
934.439 0.036
935.143 0.036
935.849 0.035
936.556 0.035
937.264 0.035
937.973 0.035
938.683 0.034
939.394 0.034
940.106 0.034
940.819 0.034
941.534 0.034
942.249 0.033
942.966 0.033
943.683 0.033
944.402 0.033
945.122 0.033
945.843 0.032
946.565 0.032
947.288 0.032
948.012 0.032
948.738 0.032
949.464 0.031
950.192 0.031
950.920 0.031
951.650 0.031
952.381 0.031
953.113 0.030
953.846 0.030
954.580 0.030
955.316 0.030
956.052 0.030
956.790 0.029
957.529 0.029
958.269 0.029
959.010 0.029
959.752 0.029
960.496 0.028
961.240 0.028
961.986 0.028
962.733 0.028
963.481 0.028
964.230 0.028
964.981 0.027
965.732 0.027
966.485 0.027
967.239 0.027
967.994 0.027
968.750 0.027
969.507 0.026
970.266 0.026
971.026 0.026
971.787 0.026
972.549 0.026
973.312 0.026
974.077 0.025
974.843 0.025
975.610 0.025
976.378 0.025
977.147 0.025
977.918 0.025
978.690 0.024
979.463 0.024
980.237 0.024
981.013 0.024
981.789 0.024
982.567 0.024
983.347 0.023
984.127 0.023
984.909 0.023
985.692 0.023
986.476 0.023
987.261 0.023
988.048 0.023
988.836 0.022
989.625 0.022
990.415 0.022
991.207 0.022
992.000 0.022
992.794 0.022
993.590 0.022
994.387 0.021
995.185 0.021
995.984 0.021
996.785 0.021
997.586 0.021
998.390 0.021
999.194 0.021
1000.000 0.020
1000.807 0.020
1001.616 0.020
1002.425 0.020
1003.236 0.020
1004.049 0.020
1004.862 0.020
1005.677 0.019
1006.494 0.019
1007.311 0.019
1008.130 0.019
1008.950 0.019
1009.772 0.019
1010.595 0.019
1011.419 0.019
1012.245 0.018
1013.072 0.018
1013.900 0.018
1014.730 0.018
1015.561 0.018
1016.393 0.018
1017.227 0.018
1018.062 0.018
1018.899 0.017
1019.737 0.017
1020.576 0.017
1021.417 0.017
1022.259 0.017
1023.102 0.017
1023.947 0.017
1024.793 0.017
1025.641 0.017
1026.490 0.016
1027.341 0.016
1028.192 0.016
1029.046 0.016
1029.900 0.016
1030.756 0.016
1031.614 0.016
1032.473 0.016
1033.333 0.016
1034.195 0.015
1035.058 0.015
1035.923 0.015
1036.789 0.015
1037.657 0.015
1038.526 0.015
1039.396 0.015
1040.268 0.015
1041.142 0.015
1042.017 0.015
1042.893 0.014
1043.771 0.014
1044.650 0.014
1045.531 0.014
1046.414 0.014
1047.297 0.014
1048.183 0.014
1049.069 0.014
1049.958 0.014
1050.847 0.014
1051.739 0.013
1052.632 0.013
1053.526 0.013
1054.422 0.013
1055.319 0.013
1056.218 0.013
1057.118 0.013
1058.020 0.013
1058.924 0.013
1059.829 0.013
1060.736 0.013
1061.644 0.012
1062.554 0.012
1063.465 0.012
1064.378 0.012
1065.292 0.012
1066.208 0.012
1067.126 0.012
1068.045 0.012
1068.966 0.012
1069.888 0.012
1070.812 0.012
1071.737 0.012
1072.664 0.011
1073.593 0.011
1074.523 0.011
1075.455 0.011
1076.389 0.011
1077.324 0.011
1078.261 0.011
1079.199 0.011
1080.139 0.011
1081.081 0.011
1082.024 0.011
1082.969 0.011
1083.916 0.010
1084.864 0.010
1085.814 0.010
1086.766 0.010
1087.719 0.010
1088.674 0.010
1089.631 0.010
1090.589 0.010
1091.549 0.010
1092.511 0.010
1093.474 0.010
1094.440 0.010
1095.406 0.010
1096.375 0.010
1097.345 0.009
1098.317 0.009
1099.291 0.009
1100.266 0.009
1101.243 0.009
1102.222 0.009
1103.203 0.009
1104.185 0.009
1105.169 0.009
1106.155 0.009
1107.143 0.009
1108.132 0.009
1109.123 0.009
1110.116 0.009
1111.111 0.009
1112.108 0.009
1113.106 0.008
1114.106 0.008
1115.108 0.008
1116.112 0.008
1117.117 0.008
1118.124 0.008
1119.134 0.008
1120.145 0.008
1121.157 0.008
1122.172 0.008
1123.188 0.008
1124.207 0.008
1125.227 0.008
1126.249 0.008
1127.273 0.008
1128.298 0.008
1129.326 0.008
1130.356 0.007
1131.387 0.007
1132.420 0.007
1133.455 0.007
1134.492 0.007
1135.531 0.007
1136.572 0.007
1137.615 0.007
1138.659 0.007
1139.706 0.007
1140.754 0.007
1141.805 0.007
1142.857 0.007
1143.911 0.007
1144.968 0.007
1146.026 0.007
1147.086 0.007
1148.148 0.007
1149.212 0.007
1150.278 0.006
1151.346 0.006
1152.416 0.006
1153.488 0.006
1154.562 0.006
1155.638 0.006
1156.716 0.006
1157.796 0.006
1158.879 0.006
1159.963 0.006
1161.049 0.006
1162.137 0.006
1163.227 0.006
1164.319 0.006
1165.414 0.006
1166.510 0.006
1167.608 0.006
1168.709 0.006
1169.811 0.006
1170.916 0.006
1172.023 0.006
1173.132 0.006
1174.242 0.005
1175.355 0.005
1176.471 0.005
1177.588 0.005
1178.707 0.005
1179.829 0.005
1180.952 0.005
1182.078 0.005
1183.206 0.005
1184.336 0.005
1185.468 0.005
1186.603 0.005
1187.739 0.005
1188.878 0.005
1190.019 0.005
1191.162 0.005
1192.308 0.005
1193.455 0.005
1194.605 0.005
1195.757 0.005
1196.911 0.005
1198.068 0.005
1199.226 0.005
1200.387 0.005
1201.550 0.005
1202.716 0.005
1203.883 0.004
1205.053 0.004
1206.226 0.004
1207.400 0.004
1208.577 0.004
1209.756 0.004
1210.938 0.004
1212.121 0.004
1213.307 0.004
1214.496 0.004
1215.686 0.004
1216.879 0.004
1218.075 0.004
1219.272 0.004
1220.472 0.004
1221.675 0.004
1222.880 0.004
1224.087 0.004
1225.296 0.004
1226.508 0.004
1227.723 0.004
1228.940 0.004
1230.159 0.004
1231.380 0.004
1232.604 0.004
1233.831 0.004
1235.060 0.004
1236.291 0.004
1237.525 0.004
1238.761 0.004
>>>>>>> cbf1fbc04ec25b207980f441260079819b4adc8e
