<<<<<<< HEAD
248.000 0.000
248.050 0.000
248.099 0.000
248.149 0.000
248.199 0.000
248.248 0.000
248.298 0.000
248.348 0.000
248.397 0.000
248.447 0.000
248.497 0.000
248.547 0.000
248.597 0.000
248.646 0.000
248.696 0.000
248.746 0.000
248.796 0.000
248.846 0.000
248.896 0.000
248.946 0.000
248.996 0.000
249.046 0.000
249.096 0.000
249.146 0.000
249.196 0.000
249.246 0.000
249.296 0.000
249.346 0.000
249.397 0.000
249.447 0.000
249.497 0.000
249.547 0.000
249.597 0.000
249.648 0.000
249.698 0.000
249.748 0.000
249.799 0.000
249.849 0.000
249.899 0.000
249.950 0.000
250.000 0.000
250.050 0.000
250.101 0.000
250.151 0.000
250.202 0.000
250.252 0.000
250.303 0.000
250.353 0.000
250.404 0.000
250.454 0.000
250.505 0.000
250.556 0.000
250.606 0.000
250.657 0.000
250.708 0.000
250.758 0.000
250.809 0.000
250.860 0.000
250.911 0.000
250.961 0.000
251.012 0.000
251.063 0.000
251.114 0.000
251.165 0.000
251.216 0.000
251.266 0.000
251.317 0.000
251.368 0.000
251.419 0.000
251.470 0.000
251.521 0.000
251.572 0.000
251.623 0.000
251.674 0.000
251.726 0.000
251.777 0.000
251.828 0.000
251.879 0.000
251.930 0.000
251.981 0.000
252.033 0.000
252.084 0.000
252.135 0.000
252.186 0.000
252.238 0.000
252.289 0.000
252.340 0.000
252.392 0.000
252.443 0.000
252.494 0.000
252.546 0.000
252.597 0.000
252.649 0.000
252.700 0.000
252.752 0.000
252.803 0.000
252.855 0.000
252.906 0.000
252.958 0.000
253.010 0.000
253.061 0.000
253.113 0.000
253.165 0.000
253.216 0.000
253.268 0.000
253.320 0.000
253.371 0.000
253.423 0.000
253.475 0.000
253.527 0.000
253.579 0.000
253.631 0.000
253.682 0.000
253.734 0.000
253.786 0.000
253.838 0.000
253.890 0.000
253.942 0.000
253.994 0.000
254.046 0.000
254.098 0.000
254.150 0.000
254.203 0.000
254.255 0.000
254.307 0.000
254.359 0.000
254.411 0.000
254.463 0.000
254.516 0.000
254.568 0.000
254.620 0.000
254.672 0.000
254.725 0.000
254.777 0.000
254.829 0.000
254.882 0.000
254.934 0.000
254.987 0.000
255.039 0.000
255.092 0.000
255.144 0.000
255.197 0.000
255.249 0.000
255.302 0.000
255.354 0.000
255.407 0.000
255.459 0.000
255.512 0.000
255.565 0.000
255.617 0.000
255.670 0.000
255.723 0.000
255.776 0.000
255.828 0.000
255.881 0.000
255.934 0.000
255.987 0.000
256.040 0.000
256.093 0.000
256.145 0.000
256.198 0.000
256.251 0.000
256.304 0.000
256.357 0.000
256.410 0.000
256.463 0.000
256.516 0.000
256.569 0.000
256.623 0.000
256.676 0.000
256.729 0.000
256.782 0.000
256.835 0.000
256.888 0.000
256.942 0.000
256.995 0.000
257.048 0.000
257.101 0.000
257.155 0.000
257.208 0.000
257.261 0.000
257.315 0.000
257.368 0.000
257.422 0.000
257.475 0.000
257.529 0.000
257.582 0.000
257.636 0.000
257.689 0.000
257.743 0.000
257.796 0.000
257.850 0.000
257.903 0.000
257.957 0.000
258.011 0.000
258.065 0.000
258.118 0.000
258.172 0.000
258.226 0.000
258.280 0.000
258.333 0.000
258.387 0.000
258.441 0.000
258.495 0.000
258.549 0.000
258.603 0.000
258.657 0.000
258.711 0.000
258.765 0.000
258.819 0.000
258.873 0.000
258.927 0.000
258.981 0.000
259.035 0.000
259.089 0.000
259.143 0.000
259.197 0.000
259.252 0.000
259.306 0.000
259.360 0.000
259.414 0.000
259.469 0.000
259.523 0.000
259.577 0.000
259.631 0.000
259.686 0.000
259.740 0.000
259.795 0.000
259.849 0.000
259.904 0.000
259.958 0.000
260.013 0.000
260.067 0.000
260.122 0.000
260.176 0.000
260.231 0.000
260.285 0.000
260.340 0.000
260.395 0.000
260.449 0.000
260.504 0.000
260.559 0.000
260.614 0.000
260.668 0.000
260.723 0.000
260.778 0.000
260.833 0.000
260.888 0.000
260.943 0.000
260.998 0.000
261.053 0.000
261.108 0.000
261.163 0.000
261.218 0.000
261.273 0.000
261.328 0.000
261.383 0.000
261.438 0.000
261.493 0.000
261.548 0.000
261.603 0.000
261.659 0.000
261.714 0.000
261.769 0.000
261.824 0.000
261.880 0.000
261.935 0.000
261.990 0.000
262.046 0.000
262.101 0.000
262.156 0.000
262.212 0.000
262.267 0.000
262.323 0.000
262.378 0.000
262.434 0.000
262.489 0.000
262.545 0.000
262.601 0.000
262.656 0.000
262.712 0.000
262.768 0.000
262.823 0.000
262.879 0.000
262.935 0.000
262.990 0.000
263.046 0.000
263.102 0.000
263.158 0.000
263.214 0.000
263.270 0.000
263.326 0.000
263.381 0.000
263.437 0.000
263.493 0.000
263.549 0.000
263.605 0.000
263.661 0.000
263.718 0.000
263.774 0.000
263.830 0.000
263.886 0.000
263.942 0.000
263.998 0.000
264.055 0.000
264.111 0.000
264.167 0.000
264.223 0.000
264.280 0.000
264.336 0.000
264.392 0.000
264.449 0.000
264.505 0.000
264.562 0.000
264.618 0.000
264.674 0.000
264.731 0.000
264.788 0.000
264.844 0.000
264.901 0.000
264.957 0.000
265.014 0.000
265.071 0.000
265.127 0.000
265.184 0.000
265.241 0.000
265.297 0.000
265.354 0.000
265.411 0.000
265.468 0.000
265.525 0.000
265.581 0.000
265.638 0.000
265.695 0.000
265.752 0.000
265.809 0.000
265.866 0.000
265.923 0.000
265.980 0.000
266.037 0.000
266.094 0.000
266.152 0.000
266.209 0.000
266.266 0.000
266.323 0.000
266.380 0.000
266.437 0.000
266.495 0.000
266.552 0.000
266.609 0.000
266.667 0.000
266.724 0.000
266.781 0.000
266.839 0.000
266.896 0.000
266.954 0.000
267.011 0.000
267.069 0.000
267.126 0.000
267.184 0.000
267.241 0.000
267.299 0.000
267.357 0.000
267.414 0.000
267.472 0.000
267.530 0.000
267.587 0.000
267.645 0.000
267.703 0.000
267.761 0.000
267.819 0.000
267.876 0.000
267.934 0.000
267.992 0.000
268.050 0.000
268.108 0.000
268.166 0.000
268.224 0.000
268.282 0.000
268.340 0.000
268.398 0.000
268.456 0.000
268.515 0.000
268.573 0.000
268.631 0.000
268.689 0.000
268.747 0.000
268.806 0.000
268.864 0.000
268.922 0.000
268.980 0.000
269.039 0.000
269.097 0.000
269.156 0.000
269.214 0.000
269.273 0.000
269.331 0.000
269.390 0.000
269.448 0.000
269.507 0.000
269.565 0.000
269.624 0.000
269.682 0.000
269.741 0.000
269.800 0.000
269.859 0.000
269.917 0.000
269.976 0.000
270.035 0.000
270.094 0.000
270.153 0.000
270.211 0.000
270.270 0.000
270.329 0.000
270.388 0.000
270.447 0.000
270.506 0.000
270.565 0.000
270.624 0.000
270.683 0.000
270.742 0.000
270.801 0.000
270.861 0.000
270.920 0.000
270.979 0.000
271.038 0.000
271.098 0.000
271.157 0.000
271.216 0.000
271.275 0.000
271.335 0.000
271.394 0.000
271.454 0.000
271.513 0.000
271.572 0.000
271.632 0.000
271.691 0.000
271.751 0.000
271.811 0.000
271.870 0.000
271.930 0.000
271.989 0.000
272.049 0.000
272.109 0.000
272.169 0.000
272.228 0.000
272.288 0.000
272.348 0.000
272.408 0.000
272.468 0.000
272.527 0.000
272.587 0.000
272.647 0.000
272.707 0.000
272.767 0.000
272.827 0.000
272.887 0.000
272.947 0.000
273.007 0.000
273.068 0.000
273.128 0.000
273.188 0.000
273.248 0.000
273.308 0.000
273.369 0.000
273.429 0.000
273.489 0.000
273.550 0.000
273.610 0.000
273.670 0.000
273.731 0.000
273.791 0.000
273.852 0.000
273.912 0.000
273.973 0.000
274.033 0.000
274.094 0.000
274.154 0.000
274.215 0.000
274.276 0.000
274.336 0.000
274.397 0.000
274.458 0.000
274.518 0.000
274.579 0.000
274.640 0.000
274.701 0.000
274.762 0.000
274.823 0.000
274.884 0.000
274.945 0.000
275.006 0.000
275.067 0.000
275.128 0.000
275.189 0.000
275.250 0.000
275.311 0.000
275.372 0.000
275.433 0.000
275.494 0.000
275.556 0.000
275.617 0.000
275.678 0.000
275.739 0.000
275.801 0.000
275.862 0.000
275.923 0.000
275.985 0.000
276.046 0.000
276.108 0.000
276.169 0.000
276.231 0.000
276.292 0.000
276.354 0.000
276.416 0.000
276.477 0.000
276.539 0.000
276.600 0.000
276.662 0.000
276.724 0.000
276.786 0.000
276.848 0.000
276.909 0.000
276.971 0.000
277.033 0.000
277.095 0.000
277.157 0.000
277.219 0.000
277.281 0.000
277.343 0.000
277.405 0.000
277.467 0.000
277.529 0.000
277.591 0.000
277.653 0.000
277.716 0.000
277.778 0.000
277.840 0.000
277.902 0.000
277.965 0.000
278.027 0.000
278.089 0.000
278.152 0.000
278.214 0.000
278.276 0.000
278.339 0.000
278.401 0.000
278.464 0.000
278.527 0.000
278.589 0.000
278.652 0.000
278.714 0.000
278.777 0.000
278.840 0.000
278.902 0.000
278.965 0.000
279.028 0.000
279.091 0.000
279.154 0.000
279.216 0.000
279.279 0.000
279.342 0.000
279.405 0.000
279.468 0.000
279.531 0.000
279.594 0.000
279.657 0.000
279.720 0.000
279.783 0.000
279.847 0.000
279.910 0.000
279.973 0.000
280.036 0.000
280.099 0.000
280.163 0.000
280.226 0.000
280.289 0.000
280.353 0.000
280.416 0.000
280.480 0.000
280.543 0.000
280.606 0.000
280.670 0.000
280.734 0.000
280.797 0.000
280.861 0.000
280.924 0.000
280.988 0.000
281.052 0.000
281.115 0.000
281.179 0.000
281.243 0.000
281.307 0.000
281.371 0.000
281.434 0.000
281.498 0.000
281.562 0.000
281.626 0.000
281.690 0.000
281.754 0.000
281.818 0.000
281.882 0.000
281.946 0.000
282.010 0.000
282.075 0.000
282.139 0.000
282.203 0.000
282.267 0.000
282.332 0.000
282.396 0.000
282.460 0.000
282.524 0.000
282.589 0.000
282.653 0.000
282.718 0.000
282.782 0.000
282.847 0.000
282.911 0.000
282.976 0.000
283.040 0.000
283.105 0.000
283.170 0.000
283.234 0.000
283.299 0.000
283.364 0.000
283.429 0.000
283.493 0.000
283.558 0.000
283.623 0.000
283.688 0.000
283.753 0.000
283.818 0.000
283.883 0.000
283.948 0.000
284.013 0.000
284.078 0.000
284.143 0.000
284.208 0.000
284.273 0.000
284.338 0.000
284.404 0.000
284.469 0.000
284.534 0.000
284.599 0.000
284.665 0.000
284.730 0.000
284.796 0.000
284.861 0.000
284.926 0.000
284.992 0.000
285.057 0.000
285.123 0.000
285.189 0.000
285.254 0.000
285.320 0.000
285.386 0.000
285.451 0.000
285.517 0.000
285.583 0.000
285.648 0.000
285.714 0.000
285.780 0.000
285.846 0.000
285.912 0.000
285.978 0.000
286.044 0.000
286.110 0.000
286.176 0.000
286.242 0.000
286.308 0.000
286.374 0.000
286.440 0.000
286.506 0.000
286.573 0.000
286.639 0.000
286.705 0.000
286.772 0.000
286.838 0.000
286.904 0.000
286.971 0.000
287.037 0.000
287.103 0.000
287.170 0.000
287.237 0.000
287.303 0.000
287.370 0.000
287.436 0.000
287.503 0.000
287.570 0.000
287.636 0.000
287.703 0.000
287.770 0.000
287.837 0.000
287.903 0.000
287.970 0.000
288.037 0.000
288.104 0.000
288.171 0.000
288.238 0.000
288.305 0.000
288.372 0.000
288.439 0.000
288.506 0.000
288.573 0.000
288.641 0.000
288.708 0.000
288.775 0.000
288.842 0.000
288.910 0.000
288.977 0.000
289.044 0.000
289.112 0.000
289.179 0.000
289.247 0.000
289.314 0.000
289.382 0.000
289.449 0.000
289.517 0.000
289.584 0.000
289.652 0.000
289.720 0.000
289.787 0.000
289.855 0.000
289.923 0.000
289.991 0.000
290.058 0.000
290.126 0.000
290.194 0.000
290.262 0.000
290.330 0.000
290.398 0.000
290.466 0.000
290.534 0.000
290.602 0.000
290.670 0.000
290.739 0.000
290.807 0.000
290.875 0.000
290.943 0.000
291.011 0.000
291.080 0.000
291.148 0.000
291.217 0.000
291.285 0.000
291.353 0.000
291.422 0.000
291.490 0.000
291.559 0.000
291.627 0.000
291.696 0.000
291.765 0.000
291.833 0.000
291.902 0.000
291.971 0.000
292.040 0.000
292.108 0.000
292.177 0.000
292.246 0.000
292.315 0.000
292.384 0.000
292.453 0.000
292.522 0.000
292.591 0.000
292.660 0.000
292.729 0.000
292.798 0.000
292.867 0.000
292.936 0.000
293.006 0.000
293.075 0.000
293.144 0.000
293.214 0.000
293.283 0.000
293.352 0.000
293.422 0.000
293.491 0.000
293.561 0.000
293.630 0.000
293.700 0.000
293.769 0.000
293.839 0.000
293.909 0.000
293.978 0.000
294.048 0.000
294.118 0.000
294.187 0.000
294.257 0.000
294.327 0.000
294.397 0.000
294.467 0.000
294.537 0.000
294.607 0.000
294.677 0.000
294.747 0.000
294.817 0.000
294.887 0.000
294.957 0.000
295.027 0.000
295.098 0.000
295.168 0.000
295.238 0.000
295.308 0.000
295.379 0.000
295.449 0.000
295.520 0.000
295.590 0.000
295.660 0.000
295.731 0.000
295.802 0.000
295.872 0.000
295.943 0.000
296.013 0.000
296.084 0.000
296.155 0.000
296.226 0.000
296.296 0.000
296.367 0.000
296.438 0.000
296.509 0.000
296.580 0.000
296.651 0.000
296.722 0.000
296.793 0.000
296.864 0.000
296.935 0.000
297.006 0.000
297.077 0.000
297.148 0.000
297.220 0.000
297.291 0.000
297.362 0.000
297.433 0.000
297.505 0.000
297.576 0.000
297.648 0.000
297.719 0.000
297.791 0.000
297.862 0.000
297.934 0.000
298.005 0.000
298.077 0.000
298.149 0.000
298.220 0.000
298.292 0.000
298.364 0.000
298.436 0.000
298.507 0.000
298.579 0.000
298.651 0.000
298.723 0.000
298.795 0.000
298.867 0.000
298.939 0.000
299.011 0.000
299.083 0.000
299.156 0.000
299.228 0.000
299.300 0.000
299.372 0.000
299.445 0.000
299.517 0.000
299.589 0.000
299.662 0.000
299.734 0.000
299.807 0.000
299.879 0.000
299.952 0.000
300.024 0.000
300.097 0.000
300.169 0.000
300.242 0.000
300.315 0.000
300.388 0.000
300.460 0.000
300.533 0.000
300.606 0.000
300.679 0.000
300.752 0.000
300.825 0.000
300.898 0.000
300.971 0.000
301.044 0.000
301.117 0.000
301.190 0.000
301.263 0.000
301.337 0.000
301.410 0.000
301.483 0.000
301.556 0.000
301.630 0.000
301.703 0.000
301.777 0.000
301.850 0.000
301.924 0.000
301.997 0.000
302.071 0.000
302.144 0.000
302.218 0.000
302.292 0.000
302.365 0.000
302.439 0.000
302.513 0.000
302.587 0.000
302.660 0.000
302.734 0.000
302.808 0.000
302.882 0.000
302.956 0.000
303.030 0.000
303.104 0.000
303.178 0.000
303.253 0.000
303.327 0.000
303.401 0.000
303.475 0.000
303.550 0.000
303.624 0.000
303.698 0.000
303.773 0.000
303.847 0.000
303.922 0.000
303.996 0.000
304.071 0.000
304.145 0.000
304.220 0.000
304.294 0.000
304.369 0.000
304.444 0.000
304.519 0.000
304.593 0.000
304.668 0.000
304.743 0.000
304.818 0.000
304.893 0.000
304.968 0.000
305.043 0.000
305.118 0.000
305.193 0.000
305.268 0.000
305.344 0.000
305.419 0.000
305.494 0.000
305.569 0.000
305.645 0.000
305.720 0.000
305.795 0.000
305.871 0.000
305.946 0.000
306.022 0.000
306.097 0.000
306.173 0.000
306.248 0.000
306.324 0.000
306.400 0.000
306.476 0.000
306.551 0.000
306.627 0.000
306.703 0.000
306.779 0.000
306.855 0.000
306.931 0.000
307.007 0.000
307.083 0.000
307.159 0.000
307.235 0.000
307.311 0.000
307.387 0.000
307.463 0.000
307.540 0.000
307.616 0.000
307.692 0.000
307.769 0.000
307.845 0.000
307.922 0.000
307.998 0.000
308.075 0.000
308.151 0.000
308.228 0.000
308.304 0.000
308.381 0.000
308.458 0.000
308.534 0.000
308.611 0.000
308.688 0.000
308.765 0.000
308.842 0.000
308.919 0.000
308.996 0.000
309.073 0.000
309.150 0.000
309.227 0.000
309.304 0.000
309.381 0.000
309.458 0.000
309.536 0.000
309.613 0.000
309.690 0.000
309.768 0.000
309.845 0.000
309.923 0.000
310.000 0.000
310.078 0.000
310.155 0.000
310.233 0.000
310.310 0.000
310.388 0.000
310.466 0.000
310.543 0.000
310.621 0.000
310.699 0.000
310.777 0.000
310.855 0.000
310.933 0.000
311.011 0.000
311.089 0.000
311.167 0.000
311.245 0.000
311.323 0.000
311.401 0.000
311.480 0.000
311.558 0.000
311.636 0.000
311.714 0.000
311.793 0.000
311.871 0.000
311.950 0.000
312.028 0.000
312.107 0.000
312.185 0.000
312.264 0.000
312.343 0.000
312.421 0.000
312.500 0.000
312.579 0.000
312.658 0.000
312.736 0.000
312.815 0.000
312.894 0.000
312.973 0.000
313.052 0.000
313.131 0.000
313.210 0.000
313.290 0.000
313.369 0.000
313.448 0.000
313.527 0.000
313.606 0.000
313.686 0.000
313.765 0.000
313.845 0.000
313.924 0.000
314.004 0.000
314.083 0.000
314.163 0.000
314.242 0.000
314.322 0.000
314.402 0.000
314.481 0.000
314.561 0.000
314.641 0.000
314.721 0.000
314.801 0.000
314.881 0.000
314.961 0.000
315.041 0.000
315.121 0.000
315.201 0.000
315.281 0.000
315.361 0.000
315.441 0.000
315.522 0.000
315.602 0.000
315.682 0.000
315.763 0.000
315.843 0.000
315.924 0.000
316.004 0.000
316.085 0.000
316.165 0.000
316.246 0.000
316.327 0.000
316.407 0.000
316.488 0.000
316.569 0.000
316.650 0.000
316.731 0.000
316.811 0.000
316.892 0.000
316.973 0.000
317.054 0.000
317.136 0.000
317.217 0.000
317.298 0.000
317.379 0.000
317.460 0.000
317.542 0.000
317.623 0.000
317.704 0.000
317.786 0.000
317.867 0.000
317.949 0.000
318.030 0.000
318.112 0.000
318.193 0.000
318.275 0.000
318.357 0.000
318.439 0.000
318.520 0.000
318.602 0.000
318.684 0.000
318.766 0.000
318.848 0.000
318.930 0.000
319.012 0.000
319.094 0.000
319.176 0.000
319.258 0.000
319.341 0.000
319.423 0.000
319.505 0.000
319.588 0.000
319.670 0.000
319.752 0.000
319.835 0.000
319.917 0.000
320.000 0.000
320.083 0.000
320.165 0.000
320.248 0.000
320.331 0.000
320.413 0.000
320.496 0.000
320.579 0.000
320.662 0.000
320.745 0.000
320.828 0.000
320.911 0.000
320.994 0.000
321.077 0.000
321.160 0.000
321.244 0.000
321.327 0.000
321.410 0.000
321.493 0.000
321.577 0.000
321.660 0.000
321.744 0.000
321.827 0.000
321.911 0.000
321.994 0.000
322.078 0.000
322.162 0.000
322.245 0.000
322.329 0.000
322.413 0.000
322.497 0.000
322.581 0.000
322.665 0.000
322.749 0.000
322.833 0.000
322.917 0.000
323.001 0.000
323.085 0.000
323.169 0.000
323.253 0.000
323.338 0.000
323.422 0.000
323.506 0.000
323.591 0.000
323.675 0.000
323.760 0.000
323.844 0.000
323.929 0.000
324.014 0.000
324.098 0.000
324.183 0.000
324.268 0.000
324.353 0.000
324.437 0.000
324.522 0.000
324.607 0.000
324.692 0.000
324.777 0.000
324.862 0.000
324.948 0.000
325.033 0.000
325.118 0.000
325.203 0.000
325.289 0.000
325.374 0.000
325.459 0.000
325.545 0.000
325.630 0.000
325.716 0.000
325.801 0.000
325.887 0.000
325.973 0.000
326.058 0.000
326.144 0.000
326.230 0.000
326.316 0.000
326.402 0.000
326.488 0.000
326.574 0.000
326.660 0.000
326.746 0.000
326.832 0.000
326.918 0.000
327.004 0.000
327.090 0.000
327.177 0.000
327.263 0.000
327.350 0.000
327.436 0.000
327.522 0.000
327.609 0.000
327.696 0.000
327.782 0.000
327.869 0.000
327.956 0.000
328.042 0.000
328.129 0.000
328.216 0.000
328.303 0.000
328.390 0.000
328.477 0.000
328.564 0.000
328.651 0.000
328.738 0.000
328.825 0.000
328.912 0.000
329.000 0.000
329.087 0.000
329.174 0.000
329.262 0.000
329.349 0.000
329.437 0.000
329.524 0.000
329.612 0.000
329.700 0.000
329.787 0.000
329.875 0.000
329.963 0.000
330.051 0.000
330.138 0.000
330.226 0.000
330.314 0.000
330.402 0.000
330.490 0.000
330.579 0.000
330.667 0.000
330.755 0.000
330.843 0.000
330.931 0.000
331.020 0.000
331.108 0.000
331.197 0.000
331.285 0.000
331.374 0.000
331.462 0.000
331.551 0.000
331.639 0.000
331.728 0.000
331.817 0.000
331.906 0.000
331.995 0.000
332.084 0.000
332.173 0.000
332.262 0.000
332.351 0.000
332.440 0.000
332.529 0.000
332.618 0.000
332.707 0.000
332.797 0.000
332.886 0.000
332.975 0.000
333.065 0.000
333.154 0.000
333.244 0.000
333.333 0.000
333.423 0.000
333.513 0.000
333.602 0.000
333.692 0.000
333.782 0.000
333.872 0.000
333.962 0.000
334.052 0.000
334.142 0.000
334.232 0.000
334.322 0.000
334.412 0.000
334.502 0.000
334.593 0.000
334.683 0.000
334.773 0.000
334.864 0.000
334.954 0.000
335.045 0.000
335.135 0.000
335.226 0.000
335.316 0.000
335.407 0.000
335.498 0.000
335.589 0.000
335.679 0.000
335.770 0.000
335.861 0.000
335.952 0.000
336.043 0.000
336.134 0.000
336.226 0.000
336.317 0.000
336.408 0.000
336.499 0.000
336.591 0.000
336.682 0.000
336.773 0.000
336.865 0.000
336.957 0.000
337.048 0.000
337.140 0.000
337.231 0.000
337.323 0.000
337.415 0.000
337.507 0.000
337.599 0.000
337.691 0.000
337.783 0.000
337.875 0.000
337.967 0.000
338.059 0.000
338.151 0.000
338.243 0.000
338.336 0.000
338.428 0.000
338.520 0.000
338.613 0.000
338.705 0.000
338.798 0.000
338.890 0.000
338.983 0.000
339.076 0.000
339.168 0.000
339.261 0.000
339.354 0.000
339.447 0.000
339.540 0.000
339.633 0.000
339.726 0.000
339.819 0.000
339.912 0.000
340.005 0.000
340.099 0.000
340.192 0.000
340.285 0.000
340.379 0.000
340.472 0.000
340.566 0.000
340.659 0.000
340.753 0.000
340.847 0.000
340.940 0.000
341.034 0.000
341.128 0.000
341.222 0.000
341.316 0.000
341.410 0.000
341.504 0.000
341.598 0.000
341.692 0.000
341.786 0.000
341.880 0.000
341.975 0.000
342.069 0.000
342.163 0.000
342.258 0.000
342.352 0.000
342.447 0.000
342.541 0.000
342.636 0.000
342.731 0.000
342.826 0.000
342.920 0.000
343.015 0.000
343.110 0.000
343.205 0.000
343.300 0.000
343.395 0.000
343.490 0.000
343.585 0.000
343.681 0.000
343.776 0.000
343.871 0.000
343.967 0.000
344.062 0.000
344.158 0.000
344.253 0.000
344.349 0.000
344.444 0.000
344.540 0.000
344.636 0.000
344.732 0.000
344.828 0.000
344.924 0.000
345.019 0.000
345.116 0.000
345.212 0.000
345.308 0.000
345.404 0.000
345.500 0.000
345.596 0.000
345.693 0.000
345.789 0.000
345.886 0.000
345.982 0.000
346.079 0.000
346.175 0.000
346.272 0.000
346.369 0.000
346.465 0.000
346.562 0.000
346.659 0.000
346.756 0.000
346.853 0.000
346.950 0.000
347.047 0.000
347.144 0.000
347.242 0.000
347.339 0.000
347.436 0.000
347.534 0.000
347.631 0.000
347.729 0.000
347.826 0.000
347.924 0.000
348.021 0.000
348.119 0.000
348.217 0.000
348.315 0.000
348.412 0.000
348.510 0.000
348.608 0.000
348.706 0.000
348.805 0.000
348.903 0.000
349.001 0.000
349.099 0.000
349.197 0.000
349.296 0.000
349.394 0.000
349.493 0.000
349.591 0.000
349.690 0.000
349.788 0.000
349.887 0.000
349.986 0.000
350.085 0.000
350.184 0.000
350.282 0.000
350.381 0.000
350.480 0.000
350.580 0.000
350.679 0.000
350.778 0.000
350.877 0.000
350.977 0.000
351.076 0.000
351.175 0.000
351.275 0.000
351.374 0.000
351.474 0.000
351.574 0.000
351.673 0.000
351.773 0.000
351.873 0.000
351.973 0.000
352.073 0.000
352.173 0.000
352.273 0.000
352.373 0.000
352.473 0.000
352.573 0.000
352.673 0.000
352.774 0.000
352.874 0.000
352.975 0.000
353.075 0.000
353.176 0.000
353.276 0.000
353.377 0.000
353.478 0.000
353.579 0.000
353.679 0.000
353.780 0.000
353.881 0.000
353.982 0.000
354.083 0.000
354.185 0.000
354.286 0.000
354.387 0.000
354.488 0.000
354.590 0.000
354.691 0.000
354.793 0.000
354.894 0.000
354.996 0.000
355.097 0.000
355.199 0.000
355.301 0.000
355.403 0.000
355.505 0.000
355.607 0.000
355.709 0.000
355.811 0.000
355.913 0.000
356.015 0.000
356.117 0.000
356.219 0.000
356.322 0.000
356.424 0.000
356.527 0.000
356.629 0.000
356.732 0.000
356.835 0.000
356.937 0.000
357.040 0.000
357.143 0.000
357.246 0.000
357.349 0.000
357.452 0.000
357.555 0.000
357.658 0.000
357.761 0.000
357.864 0.000
357.968 0.000
358.071 0.000
358.174 0.000
358.278 0.000
358.382 0.000
358.485 0.000
358.589 0.000
358.693 0.000
358.796 0.000
358.900 0.000
359.004 0.000
359.108 0.000
359.212 0.000
359.316 0.000
359.420 0.000
359.524 0.000
359.629 0.000
359.733 0.000
359.837 0.000
359.942 0.000
360.046 0.000
360.151 0.000
360.256 0.000
360.360 0.000
360.465 0.000
360.570 0.000
360.675 0.000
360.780 0.000
360.885 0.000
360.990 0.000
361.095 0.000
361.200 0.000
361.305 0.000
361.411 0.000
361.516 0.000
361.621 0.000
361.727 0.000
361.833 0.000
361.938 0.000
362.044 0.000
362.150 0.000
362.255 0.000
362.361 0.000
362.467 0.000
362.573 0.000
362.679 0.000
362.785 0.000
362.891 0.000
362.998 0.000
363.104 0.000
363.210 0.000
363.317 0.000
363.423 0.000
363.530 0.000
363.636 0.000
363.743 0.000
363.850 0.000
363.957 0.000
364.063 0.000
364.170 0.000
364.277 0.000
364.384 0.000
364.491 0.000
364.599 0.000
364.706 0.000
364.813 0.000
364.921 0.000
365.028 0.000
365.135 0.000
365.243 0.000
365.351 0.000
365.458 0.000
365.566 0.000
365.674 0.000
365.782 0.000
365.890 0.000
365.998 0.000
366.106 0.000
366.214 0.000
366.322 0.000
366.430 0.000
366.539 0.000
366.647 0.000
366.755 0.000
366.864 0.000
366.972 0.000
367.081 0.000
367.190 0.000
367.299 0.000
367.407 0.000
367.516 0.000
367.625 0.000
367.734 0.000
367.843 0.000
367.953 0.000
368.062 0.000
368.171 0.000
368.280 0.000
368.390 0.000
368.499 0.000
368.609 0.000
368.718 0.000
368.828 0.000
368.938 0.000
369.048 0.000
369.157 0.000
369.267 0.000
369.377 0.000
369.487 0.000
369.598 0.000
369.708 0.000
369.818 0.000
369.928 0.000
370.039 0.000
370.149 0.000
370.260 0.000
370.370 0.000
370.481 0.000
370.592 0.000
370.703 0.000
370.813 0.000
370.924 0.000
371.035 0.000
371.146 0.000
371.257 0.000
371.369 0.000
371.480 0.000
371.591 0.000
371.703 0.000
371.814 0.000
371.926 0.000
372.037 0.000
372.149 0.000
372.261 0.000
372.372 0.000
372.484 0.000
372.596 0.000
372.708 0.000
372.820 0.000
372.932 0.000
373.045 0.000
373.157 0.000
373.269 0.000
373.382 0.000
373.494 0.000
373.607 0.000
373.719 0.000
373.832 0.000
373.945 0.000
374.057 0.000
374.170 0.000
374.283 0.000
374.396 0.000
374.509 0.000
374.622 0.000
374.736 0.000
374.849 0.000
374.962 0.000
375.076 0.000
375.189 0.000
375.303 0.000
375.416 0.000
375.530 0.000
375.644 0.000
375.758 0.000
375.871 0.000
375.985 0.000
376.099 0.000
376.214 0.000
376.328 0.000
376.442 0.000
376.556 0.000
376.671 0.000
376.785 0.000
376.900 0.000
377.014 0.000
377.129 0.000
377.244 0.000
377.358 0.000
377.473 0.000
377.588 0.000
377.703 0.000
377.818 0.000
377.934 0.000
378.049 0.000
378.164 0.000
378.279 0.000
378.395 0.000
378.510 0.000
378.626 0.000
378.742 0.000
378.857 0.000
378.973 0.000
379.089 0.000
379.205 0.000
379.321 0.000
379.437 0.000
379.553 0.000
379.669 0.000
379.786 0.000
379.902 0.000
380.018 0.000
380.135 0.000
380.251 0.000
380.368 0.000
380.485 0.000
380.602 0.000
380.718 0.000
380.835 0.000
380.952 0.000
381.069 0.000
381.187 0.000
381.304 0.000
381.421 0.000
381.538 0.000
381.656 0.000
381.773 0.000
381.891 0.000
382.009 0.000
382.126 0.000
382.244 0.000
382.362 0.000
382.480 0.000
382.598 0.000
382.716 0.000
382.834 0.000
382.952 0.000
383.071 0.000
383.189 0.000
383.308 0.000
383.426 0.000
383.545 0.000
383.663 0.000
383.782 0.000
383.901 0.000
384.020 0.000
384.139 0.000
384.258 0.000
384.377 0.000
384.496 0.000
384.615 0.000
384.735 0.000
384.854 0.000
384.974 0.000
385.093 0.000
385.213 0.000
385.333 0.000
385.452 0.000
385.572 0.000
385.692 0.000
385.812 0.000
385.932 0.000
386.052 0.000
386.173 0.000
386.293 0.000
386.413 0.000
386.534 0.000
386.654 0.000
386.775 0.000
386.895 0.000
387.016 0.000
387.137 0.000
387.258 0.000
387.379 0.000
387.500 0.000
387.621 0.000
387.742 0.000
387.864 0.000
387.985 0.000
388.106 0.000
388.228 0.000
388.350 0.000
388.471 0.000
388.593 0.000
388.715 0.000
388.837 0.000
388.959 0.000
389.081 0.000
389.203 0.000
389.325 0.000
389.447 0.000
389.570 0.000
389.692 0.000
389.815 0.000
389.937 0.000
390.060 0.000
390.183 0.000
390.305 0.000
390.428 0.000
390.551 0.000
390.674 0.000
390.797 0.000
390.921 0.000
391.044 0.000
391.167 0.000
391.291 0.000
391.414 0.000
391.538 0.000
391.661 0.000
391.785 0.000
391.909 0.000
392.033 0.000
392.157 0.000
392.281 0.000
392.405 0.000
392.529 0.000
392.654 0.000
392.778 0.000
392.902 0.000
393.027 0.000
393.152 0.000
393.276 0.000
393.401 0.000
393.526 0.000
393.651 0.000
393.776 0.000
393.901 0.000
394.026 0.000
394.151 0.000
394.277 0.000
394.402 0.000
394.528 0.000
394.653 0.000
394.779 0.000
394.904 0.000
395.030 0.000
395.156 0.000
395.282 0.000
395.408 0.000
395.534 0.000
395.660 0.000
395.787 0.000
395.913 0.000
396.040 0.000
396.166 0.000
396.293 0.000
396.419 0.000
396.546 0.000
396.673 0.000
396.800 0.000
396.927 0.000
397.054 0.000
397.181 0.000
397.309 0.000
397.436 0.000
397.563 0.000
397.691 0.000
397.818 0.000
397.946 0.000
398.074 0.000
398.202 0.000
398.330 0.000
398.458 0.000
398.586 0.000
398.714 0.000
398.842 0.000
398.970 0.000
399.099 0.000
399.227 0.000
399.356 0.000
399.485 0.000
399.613 0.000
399.742 0.000
399.871 0.000
400.000 0.000
400.129 0.000
400.258 0.000
400.387 0.000
400.517 0.000
400.646 0.000
400.776 0.000
400.905 0.000
401.035 0.000
401.165 0.000
401.294 0.000
401.424 0.000
401.554 0.000
401.684 0.000
401.815 0.000
401.945 0.000
402.075 0.000
402.206 0.000
402.336 0.000
402.467 0.000
402.597 0.000
402.728 0.000
402.859 0.000
402.990 0.000
403.121 0.000
403.252 0.000
403.383 0.000
403.514 0.000
403.646 0.000
403.777 0.000
403.909 0.000
404.040 0.000
404.172 0.000
404.304 0.000
404.436 0.000
404.568 0.000
404.700 0.000
404.832 0.000
404.964 0.000
405.096 0.000
405.229 0.000
405.361 0.000
405.494 0.000
405.626 0.000
405.759 0.000
405.892 0.000
406.025 0.000
406.158 0.000
406.291 0.000
406.424 0.000
406.557 0.000
406.691 0.000
406.824 0.000
406.958 0.000
407.091 0.000
407.225 0.000
407.359 0.000
407.493 0.000
407.627 0.000
407.761 0.000
407.895 0.000
408.029 0.000
408.163 0.000
408.298 0.000
408.432 0.000
408.567 0.000
408.701 0.000
408.836 0.000
408.971 0.000
409.106 0.000
409.241 0.000
409.376 0.000
409.511 0.000
409.647 0.000
409.782 0.000
409.917 0.000
410.053 0.000
410.189 0.000
410.324 0.000
410.460 0.000
410.596 0.000
410.732 0.000
410.868 0.000
411.004 0.000
411.141 0.000
411.277 0.000
411.413 0.000
411.550 0.000
411.687 0.000
411.823 0.000
411.960 0.000
412.097 0.000
412.234 0.000
412.371 0.000
412.508 0.000
412.646 0.000
412.783 0.000
412.920 0.000
413.058 0.000
413.196 0.000
413.333 0.000
413.471 0.000
413.609 0.000
413.747 0.000
413.885 0.000
414.023 0.000
414.162 0.000
414.300 0.000
414.439 0.000
414.577 0.000
414.716 0.000
414.854 0.000
414.993 0.000
415.132 0.000
415.271 0.000
415.410 0.000
415.550 0.000
415.689 0.000
415.828 0.000
415.968 0.000
416.107 0.000
416.247 0.000
416.387 0.000
416.527 0.000
416.667 0.000
416.807 0.000
416.947 0.000
417.087 0.000
417.227 0.000
417.368 0.000
417.508 0.000
417.649 0.000
417.790 0.000
417.931 0.000
418.071 0.000
418.212 0.000
418.354 0.000
418.495 0.000
418.636 0.000
418.777 0.000
418.919 0.000
419.060 0.000
419.202 0.000
419.344 0.000
419.486 0.000
419.628 0.000
419.770 0.000
419.912 0.000
420.054 0.000
420.197 0.000
420.339 0.000
420.482 0.000
420.624 0.000
420.767 0.000
420.910 0.000
421.053 0.000
421.196 0.000
421.339 0.000
421.482 0.000
421.625 0.000
421.769 0.000
421.912 0.000
422.056 0.000
422.200 0.000
422.343 0.000
422.487 0.000
422.631 0.000
422.775 0.000
422.920 0.000
423.064 0.000
423.208 0.000
423.353 0.000
423.497 0.000
423.642 0.000
423.787 0.000
423.932 0.000
424.077 0.000
424.222 0.000
424.367 0.000
424.512 0.000
424.658 0.000
424.803 0.000
424.949 0.000
425.094 0.000
425.240 0.000
425.386 0.000
425.532 0.000
425.678 0.000
425.824 0.000
425.970 0.000
426.117 0.000
426.263 0.000
426.410 0.000
426.557 0.000
426.703 0.000
426.850 0.000
426.997 0.000
427.144 0.000
427.292 0.000
427.439 0.000
427.586 0.000
427.734 0.000
427.881 0.000
428.029 0.000
428.177 0.000
428.325 0.000
428.473 0.000
428.621 0.000
428.769 0.000
428.917 0.000
429.066 0.000
429.214 0.000
429.363 0.000
429.512 0.000
429.660 0.000
429.809 0.000
429.958 0.000
430.108 0.000
430.257 0.000
430.406 0.000
430.556 0.000
430.705 0.000
430.855 0.000
431.005 0.000
431.154 0.000
431.304 0.000
431.454 0.000
431.605 0.000
431.755 0.000
431.905 0.000
432.056 0.000
432.206 0.000
432.357 0.000
432.508 0.000
432.659 0.000
432.810 0.000
432.961 0.000
433.112 0.000
433.263 0.000
433.415 0.000
433.566 0.000
433.718 0.000
433.870 0.000
434.022 0.000
434.174 0.000
434.326 0.000
434.478 0.000
434.630 0.000
434.783 0.000
434.935 0.000
435.088 0.000
435.240 0.000
435.393 0.000
435.546 0.000
435.699 0.000
435.852 0.000
436.006 0.000
436.159 0.000
436.312 0.000
436.466 0.000
436.620 0.000
436.774 0.000
436.927 0.000
437.081 0.000
437.236 0.000
437.390 0.000
437.544 0.000
437.699 0.000
437.853 0.000
438.008 0.000
438.163 0.000
438.317 0.000
438.472 0.000
438.628 0.000
438.783 0.000
438.938 0.000
439.093 0.000
439.249 0.000
439.405 0.000
439.560 0.000
439.716 0.000
439.872 0.000
440.028 0.000
440.185 0.000
440.341 0.000
440.497 0.000
440.654 0.000
440.811 0.000
440.967 0.000
441.124 0.000
441.281 0.000
441.438 0.000
441.595 0.000
441.753 0.000
441.910 0.000
442.068 0.000
442.225 0.000
442.383 0.000
442.541 0.000
442.699 0.000
442.857 0.000
443.015 0.000
443.174 0.000
443.332 0.000
443.491 0.000
443.649 0.000
443.808 0.000
443.967 0.000
444.126 0.000
444.285 0.000
444.444 0.000
444.604 0.000
444.763 0.000
444.923 0.000
445.083 0.000
445.242 0.000
445.402 0.000
445.562 0.000
445.723 0.000
445.883 0.000
446.043 0.000
446.204 0.000
446.364 0.000
446.525 0.000
446.686 0.000
446.847 0.000
447.008 0.000
447.169 0.000
447.330 0.000
447.492 0.000
447.653 0.000
447.815 0.000
447.977 0.000
448.139 0.000
448.301 0.000
448.463 0.000
448.625 0.000
448.788 0.000
448.950 0.000
449.113 0.000
449.275 0.000
449.438 0.000
449.601 0.000
449.764 0.000
449.927 0.000
450.091 0.000
450.254 0.000
450.418 0.000
450.581 0.000
450.745 0.000
450.909 0.000
451.073 0.000
451.237 0.000
451.402 0.000
451.566 0.000
451.730 0.000
451.895 0.000
452.060 0.000
452.225 0.000
452.390 0.000
452.555 0.000
452.720 0.000
452.885 0.000
453.051 0.000
453.216 0.000
453.382 0.000
453.548 0.000
453.714 0.000
453.880 0.000
454.046 0.000
454.212 0.000
454.379 0.000
454.545 0.000
454.712 0.000
454.879 0.000
455.046 0.000
455.213 0.000
455.380 0.000
455.547 0.000
455.715 0.000
455.882 0.000
456.050 0.000
456.218 0.000
456.386 0.000
456.554 0.000
456.722 0.000
456.890 0.000
457.059 0.000
457.227 0.000
457.396 0.000
457.565 0.000
457.733 0.000
457.903 0.000
458.072 0.000
458.241 0.000
458.410 0.000
458.580 0.000
458.750 0.000
458.919 0.000
459.089 0.000
459.259 0.000
459.429 0.000
459.600 0.000
459.770 0.000
459.941 0.000
460.111 0.000
460.282 0.000
460.453 0.000
460.624 0.000
460.795 0.000
460.967 0.000
461.138 0.000
461.310 0.000
461.481 0.000
461.653 0.000
461.825 0.000
461.997 0.000
462.169 0.000
462.342 0.000
462.514 0.000
462.687 0.000
462.859 0.000
463.032 0.000
463.205 0.000
463.378 0.000
463.551 0.000
463.725 0.000
463.898 0.000
464.072 0.000
464.246 0.000
464.419 0.000
464.593 0.000
464.768 0.000
464.942 0.000
465.116 0.000
465.291 0.000
465.465 0.000
465.640 0.000
465.815 0.000
465.990 0.000
466.165 0.000
466.341 0.000
466.516 0.000
466.692 0.000
466.867 0.001
467.043 0.000
467.219 0.001
467.395 0.000
=======
248.000 0.010
248.050 0.010
248.099 0.010
248.149 0.010
248.199 0.010
248.248 0.010
248.298 0.010
248.348 0.010
248.397 0.010
248.447 0.010
248.497 0.010
248.547 0.010
248.597 0.009
248.646 0.009
248.696 0.009
248.746 0.009
248.796 0.009
248.846 0.009
248.896 0.009
248.946 0.009
248.996 0.009
249.046 0.009
249.096 0.009
249.146 0.009
249.196 0.009
249.246 0.009
249.296 0.009
249.346 0.009
249.397 0.009
249.447 0.008
249.497 0.008
249.547 0.008
249.597 0.008
249.648 0.008
249.698 0.008
249.748 0.008
249.799 0.008
249.849 0.008
249.899 0.008
249.950 0.008
250.000 0.008
250.050 0.008
250.101 0.008
250.151 0.008
250.202 0.008
250.252 0.008
250.303 0.008
250.353 0.008
250.404 0.008
250.454 0.007
250.505 0.007
250.556 0.007
250.606 0.007
250.657 0.007
250.708 0.007
250.758 0.007
250.809 0.007
250.860 0.007
250.911 0.007
250.961 0.007
251.012 0.007
251.063 0.007
251.114 0.007
251.165 0.007
251.216 0.007
251.266 0.007
251.317 0.007
251.368 0.007
251.419 0.007
251.470 0.007
251.521 0.007
251.572 0.007
251.623 0.007
251.674 0.006
251.726 0.006
251.777 0.006
251.828 0.006
251.879 0.006
251.930 0.006
251.981 0.006
252.033 0.006
252.084 0.006
252.135 0.006
252.186 0.006
252.238 0.006
252.289 0.006
252.340 0.006
252.392 0.006
252.443 0.006
252.494 0.006
252.546 0.006
252.597 0.006
252.649 0.006
252.700 0.006
252.752 0.006
252.803 0.006
252.855 0.006
252.906 0.006
252.958 0.006
253.010 0.006
253.061 0.006
253.113 0.006
253.165 0.005
253.216 0.005
253.268 0.005
253.320 0.005
253.371 0.005
253.423 0.005
253.475 0.005
253.527 0.005
253.579 0.005
253.631 0.005
253.682 0.005
253.734 0.005
253.786 0.005
253.838 0.005
253.890 0.005
253.942 0.005
253.994 0.005
254.046 0.005
254.098 0.005
254.150 0.005
254.203 0.005
254.255 0.005
254.307 0.005
254.359 0.005
254.411 0.005
254.463 0.005
254.516 0.005
254.568 0.005
254.620 0.005
254.672 0.005
254.725 0.005
254.777 0.005
254.829 0.005
254.882 0.005
254.934 0.005
254.987 0.005
255.039 0.005
255.092 0.005
255.144 0.004
255.197 0.004
255.249 0.004
255.302 0.004
255.354 0.004
255.407 0.004
255.459 0.004
255.512 0.004
255.565 0.004
255.617 0.004
255.670 0.004
255.723 0.004
255.776 0.004
255.828 0.004
255.881 0.004
255.934 0.004
255.987 0.004
256.040 0.004
256.093 0.004
256.145 0.004
256.198 0.004
256.251 0.004
256.304 0.004
256.357 0.004
256.410 0.004
256.463 0.004
256.516 0.004
256.569 0.004
256.623 0.004
256.676 0.004
256.729 0.004
256.782 0.004
256.835 0.004
256.888 0.004
256.942 0.004
256.995 0.004
257.048 0.004
257.101 0.004
257.155 0.004
257.208 0.004
257.261 0.004
257.315 0.004
257.368 0.004
257.422 0.004
257.475 0.004
257.529 0.004
257.582 0.004
257.636 0.004
257.689 0.004
257.743 0.004
257.796 0.004
257.850 0.004
257.903 0.004
257.957 0.004
258.011 0.004
258.065 0.003
258.118 0.003
258.172 0.003
258.226 0.003
258.280 0.003
258.333 0.003
258.387 0.003
258.441 0.003
258.495 0.003
258.549 0.003
258.603 0.003
258.657 0.003
258.711 0.003
258.765 0.003
258.819 0.003
258.873 0.003
258.927 0.003
258.981 0.003
259.035 0.003
259.089 0.003
259.143 0.003
259.197 0.003
259.252 0.003
259.306 0.003
259.360 0.003
259.414 0.003
259.469 0.003
259.523 0.003
259.577 0.003
259.631 0.003
259.686 0.003
259.740 0.003
259.795 0.003
259.849 0.003
259.904 0.003
259.958 0.003
260.013 0.003
260.067 0.003
260.122 0.003
260.176 0.003
260.231 0.003
260.285 0.003
260.340 0.003
260.395 0.003
260.449 0.003
260.504 0.003
260.559 0.003
260.614 0.003
260.668 0.003
260.723 0.003
260.778 0.003
260.833 0.003
260.888 0.003
260.943 0.003
260.998 0.003
261.053 0.003
261.108 0.003
261.163 0.003
261.218 0.003
261.273 0.003
261.328 0.003
261.383 0.003
261.438 0.003
261.493 0.003
261.548 0.003
261.603 0.003
261.659 0.003
261.714 0.003
261.769 0.003
261.824 0.003
261.880 0.003
261.935 0.003
261.990 0.003
262.046 0.003
262.101 0.003
262.156 0.003
262.212 0.003
262.267 0.003
262.323 0.003
262.378 0.003
262.434 0.003
262.489 0.003
262.545 0.003
262.601 0.003
262.656 0.003
262.712 0.003
262.768 0.003
262.823 0.003
262.879 0.003
262.935 0.003
262.990 0.003
263.046 0.003
263.102 0.003
263.158 0.002
263.214 0.002
263.270 0.002
263.326 0.002
263.381 0.002
263.437 0.002
263.493 0.002
263.549 0.002
263.605 0.002
263.661 0.002
263.718 0.002
263.774 0.002
263.830 0.002
263.886 0.002
263.942 0.002
263.998 0.002
264.055 0.002
264.111 0.002
264.167 0.002
264.223 0.002
264.280 0.002
264.336 0.002
264.392 0.002
264.449 0.002
264.505 0.002
264.562 0.002
264.618 0.002
264.674 0.002
264.731 0.002
264.788 0.002
264.844 0.002
264.901 0.002
264.957 0.002
265.014 0.002
265.071 0.002
265.127 0.002
265.184 0.002
265.241 0.002
265.297 0.002
265.354 0.002
265.411 0.002
265.468 0.002
265.525 0.002
265.581 0.002
265.638 0.002
265.695 0.002
265.752 0.002
265.809 0.002
265.866 0.002
265.923 0.002
265.980 0.002
266.037 0.002
266.094 0.002
266.152 0.002
266.209 0.002
266.266 0.002
266.323 0.002
266.380 0.002
266.437 0.002
266.495 0.002
266.552 0.002
266.609 0.002
266.667 0.002
266.724 0.002
266.781 0.002
266.839 0.002
266.896 0.002
266.954 0.002
267.011 0.002
267.069 0.002
267.126 0.002
267.184 0.002
267.241 0.002
267.299 0.002
267.357 0.002
267.414 0.002
267.472 0.002
267.530 0.002
267.587 0.002
267.645 0.002
267.703 0.002
267.761 0.002
267.819 0.002
267.876 0.002
267.934 0.002
267.992 0.002
268.050 0.002
268.108 0.002
268.166 0.002
268.224 0.002
268.282 0.002
268.340 0.002
268.398 0.002
268.456 0.002
268.515 0.002
268.573 0.002
268.631 0.002
268.689 0.002
268.747 0.002
268.806 0.002
268.864 0.002
268.922 0.002
268.980 0.002
269.039 0.002
269.097 0.002
269.156 0.002
269.214 0.002
269.273 0.002
269.331 0.002
269.390 0.002
269.448 0.002
269.507 0.002
269.565 0.002
269.624 0.002
269.682 0.002
269.741 0.002
269.800 0.002
269.859 0.002
269.917 0.002
269.976 0.002
270.035 0.002
270.094 0.002
270.153 0.002
270.211 0.002
270.270 0.002
270.329 0.002
270.388 0.002
270.447 0.002
270.506 0.002
270.565 0.002
270.624 0.002
270.683 0.002
270.742 0.002
270.801 0.002
270.861 0.002
270.920 0.002
270.979 0.002
271.038 0.002
271.098 0.002
271.157 0.002
271.216 0.002
271.275 0.002
271.335 0.002
271.394 0.002
271.454 0.002
271.513 0.002
271.572 0.002
271.632 0.002
271.691 0.002
271.751 0.002
271.811 0.002
271.870 0.002
271.930 0.002
271.989 0.002
272.049 0.002
272.109 0.002
272.169 0.002
272.228 0.002
272.288 0.002
272.348 0.002
272.408 0.002
272.468 0.002
272.527 0.002
272.587 0.002
272.647 0.002
272.707 0.002
272.767 0.002
272.827 0.002
272.887 0.002
272.947 0.002
273.007 0.002
273.068 0.002
273.128 0.002
273.188 0.002
273.248 0.002
273.308 0.002
273.369 0.002
273.429 0.002
273.489 0.002
273.550 0.002
273.610 0.002
273.670 0.002
273.731 0.002
273.791 0.002
273.852 0.002
273.912 0.002
273.973 0.002
274.033 0.002
274.094 0.002
274.154 0.002
274.215 0.002
274.276 0.002
274.336 0.002
274.397 0.002
274.458 0.002
274.518 0.002
274.579 0.002
274.640 0.002
274.701 0.002
274.762 0.002
274.823 0.002
274.884 0.002
274.945 0.002
275.006 0.002
275.067 0.002
275.128 0.002
275.189 0.002
275.250 0.002
275.311 0.002
275.372 0.002
275.433 0.002
275.494 0.002
275.556 0.002
275.617 0.002
275.678 0.002
275.739 0.002
275.801 0.002
275.862 0.002
275.923 0.002
275.985 0.002
276.046 0.002
276.108 0.002
276.169 0.002
276.231 0.002
276.292 0.002
276.354 0.002
276.416 0.002
276.477 0.002
276.539 0.002
276.600 0.002
276.662 0.002
276.724 0.002
276.786 0.002
276.848 0.002
276.909 0.002
276.971 0.002
277.033 0.002
277.095 0.002
277.157 0.002
277.219 0.002
277.281 0.002
277.343 0.002
277.405 0.002
277.467 0.002
277.529 0.002
277.591 0.002
277.653 0.002
277.716 0.002
277.778 0.002
277.840 0.002
277.902 0.002
277.965 0.002
278.027 0.002
278.089 0.002
278.152 0.002
278.214 0.002
278.276 0.002
278.339 0.002
278.401 0.002
278.464 0.002
278.527 0.002
278.589 0.001
278.652 0.001
278.714 0.001
278.777 0.001
278.840 0.001
278.902 0.001
278.965 0.001
279.028 0.001
279.091 0.001
279.154 0.001
279.216 0.001
279.279 0.001
279.342 0.001
279.405 0.001
279.468 0.001
279.531 0.001
279.594 0.001
279.657 0.001
279.720 0.001
279.783 0.001
279.847 0.001
279.910 0.001
279.973 0.001
280.036 0.001
280.099 0.001
280.163 0.001
280.226 0.001
280.289 0.001
280.353 0.001
280.416 0.001
280.480 0.001
280.543 0.001
280.606 0.001
280.670 0.001
280.734 0.001
280.797 0.001
280.861 0.001
280.924 0.001
280.988 0.001
281.052 0.001
281.115 0.001
281.179 0.001
281.243 0.001
281.307 0.001
281.371 0.001
281.434 0.001
281.498 0.001
281.562 0.001
281.626 0.001
281.690 0.001
281.754 0.001
281.818 0.001
281.882 0.001
281.946 0.001
282.010 0.001
282.075 0.001
282.139 0.001
282.203 0.001
282.267 0.001
282.332 0.001
282.396 0.001
282.460 0.001
282.524 0.001
282.589 0.001
282.653 0.001
282.718 0.001
282.782 0.001
282.847 0.001
282.911 0.001
282.976 0.001
283.040 0.001
283.105 0.001
283.170 0.001
283.234 0.001
283.299 0.001
283.364 0.001
283.429 0.001
283.493 0.001
283.558 0.001
283.623 0.001
283.688 0.001
283.753 0.001
283.818 0.001
283.883 0.001
283.948 0.001
284.013 0.001
284.078 0.001
284.143 0.001
284.208 0.001
284.273 0.001
284.338 0.001
284.404 0.001
284.469 0.001
284.534 0.001
284.599 0.001
284.665 0.001
284.730 0.001
284.796 0.001
284.861 0.001
284.926 0.001
284.992 0.001
285.057 0.001
285.123 0.001
285.189 0.001
285.254 0.001
285.320 0.001
285.386 0.001
285.451 0.001
285.517 0.001
285.583 0.001
285.648 0.001
285.714 0.001
285.780 0.001
285.846 0.001
285.912 0.001
285.978 0.001
286.044 0.001
286.110 0.001
286.176 0.001
286.242 0.001
286.308 0.001
286.374 0.001
286.440 0.001
286.506 0.001
286.573 0.001
286.639 0.001
286.705 0.001
286.772 0.001
286.838 0.001
286.904 0.001
286.971 0.001
287.037 0.001
287.103 0.001
287.170 0.001
287.237 0.001
287.303 0.001
287.370 0.001
287.436 0.001
287.503 0.001
287.570 0.001
287.636 0.001
287.703 0.001
287.770 0.001
287.837 0.001
287.903 0.001
287.970 0.001
288.037 0.001
288.104 0.001
288.171 0.001
288.238 0.001
288.305 0.001
288.372 0.001
288.439 0.001
288.506 0.001
288.573 0.001
288.641 0.001
288.708 0.001
288.775 0.001
288.842 0.001
288.910 0.001
288.977 0.001
289.044 0.001
289.112 0.001
289.179 0.001
289.247 0.001
289.314 0.001
289.382 0.001
289.449 0.001
289.517 0.001
289.584 0.001
289.652 0.001
289.720 0.001
289.787 0.001
289.855 0.001
289.923 0.001
289.991 0.001
290.058 0.001
290.126 0.001
290.194 0.001
290.262 0.001
290.330 0.001
290.398 0.001
290.466 0.001
290.534 0.001
290.602 0.001
290.670 0.001
290.739 0.001
290.807 0.001
290.875 0.001
290.943 0.001
291.011 0.001
291.080 0.001
291.148 0.001
291.217 0.001
291.285 0.001
291.353 0.001
291.422 0.001
291.490 0.001
291.559 0.001
291.627 0.001
291.696 0.001
291.765 0.001
291.833 0.001
291.902 0.001
291.971 0.001
292.040 0.001
292.108 0.001
292.177 0.001
292.246 0.001
292.315 0.001
292.384 0.001
292.453 0.001
292.522 0.001
292.591 0.001
292.660 0.001
292.729 0.001
292.798 0.001
292.867 0.001
292.936 0.001
293.006 0.001
293.075 0.001
293.144 0.001
293.214 0.001
293.283 0.001
293.352 0.001
293.422 0.001
293.491 0.001
293.561 0.001
293.630 0.001
293.700 0.001
293.769 0.001
293.839 0.001
293.909 0.001
293.978 0.001
294.048 0.001
294.118 0.001
294.187 0.001
294.257 0.001
294.327 0.001
294.397 0.001
294.467 0.001
294.537 0.001
294.607 0.001
294.677 0.001
294.747 0.001
294.817 0.001
294.887 0.001
294.957 0.001
295.027 0.001
295.098 0.001
295.168 0.001
295.238 0.001
295.308 0.001
295.379 0.001
295.449 0.001
295.520 0.001
295.590 0.001
295.660 0.001
295.731 0.001
295.802 0.001
295.872 0.001
295.943 0.001
296.013 0.001
296.084 0.001
296.155 0.001
296.226 0.001
296.296 0.001
296.367 0.001
296.438 0.001
296.509 0.001
296.580 0.001
296.651 0.001
296.722 0.001
296.793 0.001
296.864 0.001
296.935 0.001
297.006 0.001
297.077 0.001
297.148 0.001
297.220 0.001
297.291 0.001
297.362 0.001
297.433 0.001
297.505 0.001
297.576 0.001
297.648 0.001
297.719 0.001
297.791 0.001
297.862 0.001
297.934 0.001
298.005 0.001
298.077 0.001
298.149 0.001
298.220 0.001
298.292 0.001
298.364 0.001
298.436 0.001
298.507 0.001
298.579 0.001
298.651 0.001
298.723 0.001
298.795 0.001
298.867 0.001
298.939 0.001
299.011 0.001
299.083 0.001
299.156 0.001
299.228 0.001
299.300 0.001
299.372 0.001
299.445 0.001
299.517 0.001
299.589 0.001
299.662 0.001
299.734 0.001
299.807 0.001
299.879 0.001
299.952 0.001
300.024 0.001
300.097 0.001
300.169 0.001
300.242 0.001
300.315 0.001
300.388 0.001
300.460 0.001
300.533 0.001
300.606 0.001
300.679 0.001
300.752 0.001
300.825 0.001
300.898 0.001
300.971 0.001
301.044 0.001
301.117 0.001
301.190 0.001
301.263 0.001
301.337 0.001
301.410 0.001
301.483 0.001
301.556 0.001
301.630 0.001
301.703 0.001
301.777 0.001
301.850 0.001
301.924 0.001
301.997 0.001
302.071 0.001
302.144 0.001
302.218 0.001
302.292 0.001
302.365 0.001
302.439 0.001
302.513 0.001
302.587 0.001
302.660 0.001
302.734 0.001
302.808 0.001
302.882 0.001
302.956 0.001
303.030 0.001
303.104 0.001
303.178 0.001
303.253 0.001
303.327 0.001
303.401 0.001
303.475 0.001
303.550 0.001
303.624 0.001
303.698 0.001
303.773 0.001
303.847 0.001
303.922 0.001
303.996 0.001
304.071 0.001
304.145 0.001
304.220 0.001
304.294 0.001
304.369 0.001
304.444 0.001
304.519 0.001
304.593 0.001
304.668 0.001
304.743 0.001
304.818 0.001
304.893 0.001
304.968 0.001
305.043 0.001
305.118 0.001
305.193 0.001
305.268 0.001
305.344 0.001
305.419 0.001
305.494 0.001
305.569 0.001
305.645 0.001
305.720 0.001
305.795 0.001
305.871 0.001
305.946 0.001
306.022 0.001
306.097 0.001
306.173 0.001
306.248 0.001
306.324 0.001
306.400 0.001
306.476 0.001
306.551 0.001
306.627 0.001
306.703 0.001
306.779 0.001
306.855 0.001
306.931 0.001
307.007 0.001
307.083 0.001
307.159 0.001
307.235 0.001
307.311 0.001
307.387 0.001
307.463 0.001
307.540 0.001
307.616 0.001
307.692 0.001
307.769 0.001
307.845 0.001
307.922 0.001
307.998 0.001
308.075 0.001
308.151 0.001
308.228 0.001
308.304 0.001
308.381 0.001
308.458 0.001
308.534 0.001
308.611 0.001
308.688 0.001
308.765 0.001
308.842 0.001
308.919 0.001
308.996 0.001
309.073 0.001
309.150 0.001
309.227 0.001
309.304 0.001
309.381 0.001
309.458 0.001
309.536 0.001
309.613 0.001
309.690 0.001
309.768 0.001
309.845 0.001
309.923 0.001
310.000 0.001
310.078 0.001
310.155 0.001
310.233 0.001
310.310 0.001
310.388 0.001
310.466 0.001
310.543 0.001
310.621 0.001
310.699 0.001
310.777 0.001
310.855 0.001
310.933 0.001
311.011 0.001
311.089 0.001
311.167 0.001
311.245 0.001
311.323 0.001
311.401 0.001
311.480 0.001
311.558 0.001
311.636 0.001
311.714 0.001
311.793 0.001
311.871 0.001
311.950 0.001
312.028 0.001
312.107 0.001
312.185 0.001
312.264 0.001
312.343 0.001
312.421 0.001
312.500 0.001
312.579 0.001
312.658 0.001
312.736 0.001
312.815 0.001
312.894 0.001
312.973 0.001
313.052 0.001
313.131 0.001
313.210 0.001
313.290 0.001
313.369 0.001
313.448 0.001
313.527 0.001
313.606 0.001
313.686 0.001
313.765 0.001
313.845 0.001
313.924 0.001
314.004 0.001
314.083 0.001
314.163 0.001
314.242 0.001
314.322 0.001
314.402 0.001
314.481 0.001
314.561 0.001
314.641 0.001
314.721 0.001
314.801 0.001
314.881 0.001
314.961 0.001
315.041 0.001
315.121 0.001
315.201 0.001
315.281 0.001
315.361 0.001
315.441 0.001
315.522 0.001
315.602 0.001
315.682 0.001
315.763 0.001
315.843 0.001
315.924 0.001
316.004 0.001
316.085 0.001
316.165 0.001
316.246 0.001
316.327 0.001
316.407 0.001
316.488 0.001
316.569 0.001
316.650 0.001
316.731 0.001
316.811 0.001
316.892 0.001
316.973 0.001
317.054 0.001
317.136 0.001
317.217 0.001
317.298 0.001
317.379 0.001
317.460 0.001
317.542 0.001
317.623 0.001
317.704 0.001
317.786 0.001
317.867 0.001
317.949 0.001
318.030 0.001
318.112 0.001
318.193 0.001
318.275 0.001
318.357 0.001
318.439 0.001
318.520 0.001
318.602 0.001
318.684 0.001
318.766 0.001
318.848 0.001
318.930 0.001
319.012 0.001
319.094 0.001
319.176 0.001
319.258 0.001
319.341 0.001
319.423 0.001
319.505 0.001
319.588 0.001
319.670 0.001
319.752 0.001
319.835 0.001
319.917 0.001
320.000 0.001
320.083 0.001
320.165 0.001
320.248 0.001
320.331 0.001
320.413 0.001
320.496 0.001
320.579 0.001
320.662 0.001
320.745 0.001
320.828 0.001
320.911 0.001
320.994 0.001
321.077 0.001
321.160 0.001
321.244 0.001
321.327 0.001
321.410 0.001
321.493 0.001
321.577 0.001
321.660 0.001
321.744 0.001
321.827 0.001
321.911 0.001
321.994 0.001
322.078 0.001
322.162 0.001
322.245 0.001
322.329 0.001
322.413 0.001
322.497 0.001
322.581 0.001
322.665 0.001
322.749 0.001
322.833 0.001
322.917 0.001
323.001 0.001
323.085 0.001
323.169 0.001
323.253 0.001
323.338 0.001
323.422 0.001
323.506 0.001
323.591 0.001
323.675 0.001
323.760 0.001
323.844 0.001
323.929 0.001
324.014 0.001
324.098 0.001
324.183 0.001
324.268 0.001
324.353 0.001
324.437 0.001
324.522 0.001
324.607 0.001
324.692 0.001
324.777 0.001
324.862 0.001
324.948 0.001
325.033 0.001
325.118 0.001
325.203 0.001
325.289 0.001
325.374 0.001
325.459 0.001
325.545 0.001
325.630 0.001
325.716 0.001
325.801 0.001
325.887 0.001
325.973 0.001
326.058 0.001
326.144 0.001
326.230 0.001
326.316 0.001
326.402 0.001
326.488 0.001
326.574 0.001
326.660 0.001
326.746 0.001
326.832 0.001
326.918 0.001
327.004 0.001
327.090 0.001
327.177 0.001
327.263 0.001
327.350 0.001
327.436 0.001
327.522 0.001
327.609 0.001
327.696 0.001
327.782 0.001
327.869 0.001
327.956 0.001
328.042 0.001
328.129 0.001
328.216 0.001
328.303 0.001
328.390 0.001
328.477 0.001
328.564 0.001
328.651 0.001
328.738 0.001
328.825 0.001
328.912 0.001
329.000 0.001
329.087 0.001
329.174 0.001
329.262 0.001
329.349 0.001
329.437 0.001
329.524 0.001
329.612 0.001
329.700 0.001
329.787 0.001
329.875 0.001
329.963 0.001
330.051 0.001
330.138 0.001
330.226 0.001
330.314 0.001
330.402 0.001
330.490 0.001
330.579 0.001
330.667 0.001
330.755 0.001
330.843 0.001
330.931 0.001
331.020 0.001
331.108 0.001
331.197 0.001
331.285 0.001
331.374 0.001
331.462 0.001
331.551 0.001
331.639 0.001
331.728 0.001
331.817 0.001
331.906 0.001
331.995 0.001
332.084 0.001
332.173 0.001
332.262 0.001
332.351 0.001
332.440 0.001
332.529 0.001
332.618 0.001
332.707 0.001
332.797 0.001
332.886 0.001
332.975 0.001
333.065 0.001
333.154 0.001
333.244 0.001
333.333 0.001
333.423 0.001
333.513 0.001
333.602 0.001
333.692 0.001
333.782 0.001
333.872 0.001
333.962 0.001
334.052 0.001
334.142 0.001
334.232 0.001
334.322 0.001
334.412 0.001
334.502 0.001
334.593 0.001
334.683 0.001
334.773 0.001
334.864 0.001
334.954 0.001
335.045 0.001
335.135 0.001
335.226 0.001
335.316 0.001
335.407 0.001
335.498 0.001
335.589 0.001
335.679 0.001
335.770 0.001
335.861 0.001
335.952 0.001
336.043 0.001
336.134 0.001
336.226 0.001
336.317 0.001
336.408 0.001
336.499 0.001
336.591 0.001
336.682 0.001
336.773 0.001
336.865 0.001
336.957 0.001
337.048 0.001
337.140 0.001
337.231 0.001
337.323 0.001
337.415 0.001
337.507 0.001
337.599 0.001
337.691 0.001
337.783 0.001
337.875 0.001
337.967 0.001
338.059 0.001
338.151 0.001
338.243 0.001
338.336 0.001
338.428 0.001
338.520 0.001
338.613 0.001
338.705 0.001
338.798 0.001
338.890 0.001
338.983 0.001
339.076 0.001
339.168 0.001
339.261 0.001
339.354 0.001
339.447 0.001
339.540 0.001
339.633 0.001
339.726 0.001
339.819 0.001
339.912 0.001
340.005 0.001
340.099 0.001
340.192 0.001
340.285 0.001
340.379 0.001
340.472 0.001
340.566 0.001
340.659 0.001
340.753 0.001
340.847 0.001
340.940 0.001
341.034 0.001
341.128 0.001
341.222 0.001
341.316 0.001
341.410 0.001
341.504 0.001
341.598 0.001
341.692 0.001
341.786 0.001
341.880 0.001
341.975 0.001
342.069 0.001
342.163 0.001
342.258 0.001
342.352 0.001
342.447 0.001
342.541 0.001
342.636 0.001
342.731 0.001
342.826 0.001
342.920 0.001
343.015 0.001
343.110 0.001
343.205 0.001
343.300 0.001
343.395 0.001
343.490 0.001
343.585 0.001
343.681 0.001
343.776 0.001
343.871 0.001
343.967 0.001
344.062 0.001
344.158 0.001
344.253 0.001
344.349 0.001
344.444 0.001
344.540 0.001
344.636 0.001
344.732 0.001
344.828 0.001
344.924 0.001
345.019 0.001
345.116 0.001
345.212 0.001
345.308 0.001
345.404 0.001
345.500 0.001
345.596 0.001
345.693 0.001
345.789 0.001
345.886 0.001
345.982 0.001
346.079 0.001
346.175 0.001
346.272 0.001
346.369 0.001
346.465 0.001
346.562 0.001
346.659 0.001
346.756 0.001
346.853 0.001
346.950 0.001
347.047 0.001
347.144 0.001
347.242 0.001
347.339 0.001
347.436 0.001
347.534 0.001
347.631 0.001
347.729 0.001
347.826 0.001
347.924 0.001
348.021 0.001
348.119 0.001
348.217 0.001
348.315 0.001
348.412 0.001
348.510 0.001
348.608 0.001
348.706 0.001
348.805 0.001
348.903 0.001
349.001 0.001
349.099 0.001
349.197 0.001
349.296 0.001
349.394 0.001
349.493 0.001
349.591 0.001
349.690 0.001
349.788 0.001
349.887 0.001
349.986 0.001
350.085 0.001
350.184 0.001
350.282 0.001
350.381 0.001
350.480 0.001
350.580 0.001
350.679 0.001
350.778 0.001
350.877 0.001
350.977 0.001
351.076 0.001
351.175 0.001
351.275 0.001
351.374 0.001
351.474 0.001
351.574 0.001
351.673 0.001
351.773 0.001
351.873 0.001
351.973 0.001
352.073 0.001
352.173 0.001
352.273 0.001
352.373 0.001
352.473 0.001
352.573 0.001
352.673 0.001
352.774 0.001
352.874 0.001
352.975 0.001
353.075 0.001
353.176 0.001
353.276 0.001
353.377 0.001
353.478 0.001
353.579 0.001
353.679 0.001
353.780 0.001
353.881 0.001
353.982 0.001
354.083 0.001
354.185 0.001
354.286 0.001
354.387 0.001
354.488 0.001
354.590 0.001
354.691 0.001
354.793 0.001
354.894 0.001
354.996 0.001
355.097 0.001
355.199 0.001
355.301 0.001
355.403 0.001
355.505 0.001
355.607 0.001
355.709 0.001
355.811 0.001
355.913 0.001
356.015 0.001
356.117 0.001
356.219 0.001
356.322 0.001
356.424 0.001
356.527 0.001
356.629 0.001
356.732 0.001
356.835 0.001
356.937 0.001
357.040 0.001
357.143 0.001
357.246 0.001
357.349 0.001
357.452 0.001
357.555 0.001
357.658 0.001
357.761 0.001
357.864 0.001
357.968 0.001
358.071 0.001
358.174 0.001
358.278 0.001
358.382 0.001
358.485 0.001
358.589 0.001
358.693 0.001
358.796 0.001
358.900 0.001
359.004 0.001
359.108 0.001
359.212 0.001
359.316 0.001
359.420 0.001
359.524 0.001
359.629 0.001
359.733 0.001
359.837 0.001
359.942 0.001
360.046 0.001
360.151 0.001
360.256 0.001
360.360 0.001
360.465 0.001
360.570 0.001
360.675 0.001
360.780 0.001
360.885 0.001
360.990 0.001
361.095 0.001
361.200 0.001
361.305 0.001
361.411 0.001
361.516 0.001
361.621 0.001
361.727 0.001
361.833 0.001
361.938 0.001
362.044 0.001
362.150 0.001
362.255 0.001
362.361 0.001
362.467 0.001
362.573 0.001
362.679 0.001
362.785 0.001
362.891 0.001
362.998 0.001
363.104 0.001
363.210 0.001
363.317 0.001
363.423 0.001
363.530 0.001
363.636 0.001
363.743 0.001
363.850 0.001
363.957 0.001
364.063 0.001
364.170 0.001
364.277 0.001
364.384 0.001
364.491 0.001
364.599 0.001
364.706 0.001
364.813 0.001
364.921 0.001
365.028 0.001
365.135 0.001
365.243 0.001
365.351 0.001
365.458 0.001
365.566 0.001
365.674 0.001
365.782 0.001
365.890 0.001
365.998 0.001
366.106 0.001
366.214 0.001
366.322 0.001
366.430 0.001
366.539 0.001
366.647 0.001
366.755 0.001
366.864 0.001
366.972 0.001
367.081 0.001
367.190 0.001
367.299 0.001
367.407 0.001
367.516 0.001
367.625 0.001
367.734 0.001
367.843 0.001
367.953 0.001
368.062 0.001
368.171 0.001
368.280 0.001
368.390 0.001
368.499 0.001
368.609 0.001
368.718 0.001
368.828 0.001
368.938 0.001
369.048 0.001
369.157 0.001
369.267 0.001
369.377 0.001
369.487 0.001
369.598 0.001
369.708 0.001
369.818 0.001
369.928 0.001
370.039 0.001
370.149 0.001
370.260 0.001
370.370 0.001
370.481 0.001
370.592 0.001
370.703 0.001
370.813 0.001
370.924 0.001
371.035 0.001
371.146 0.001
371.257 0.001
371.369 0.001
371.480 0.001
371.591 0.001
371.703 0.001
371.814 0.001
371.926 0.001
372.037 0.001
372.149 0.001
372.261 0.001
372.372 0.001
372.484 0.001
372.596 0.001
372.708 0.001
372.820 0.001
372.932 0.001
373.045 0.001
373.157 0.001
373.269 0.001
373.382 0.001
373.494 0.001
373.607 0.001
373.719 0.001
373.832 0.001
373.945 0.001
374.057 0.001
374.170 0.001
374.283 0.001
374.396 0.001
374.509 0.001
374.622 0.001
374.736 0.001
374.849 0.001
374.962 0.001
375.076 0.001
375.189 0.001
375.303 0.001
375.416 0.001
375.530 0.001
375.644 0.001
375.758 0.001
375.871 0.001
375.985 0.001
376.099 0.001
376.214 0.001
376.328 0.001
376.442 0.001
376.556 0.001
376.671 0.001
376.785 0.001
376.900 0.001
377.014 0.001
377.129 0.001
377.244 0.001
377.358 0.001
377.473 0.001
377.588 0.001
377.703 0.001
377.818 0.001
377.934 0.001
378.049 0.001
378.164 0.001
378.279 0.001
378.395 0.001
378.510 0.001
378.626 0.001
378.742 0.001
378.857 0.001
378.973 0.001
379.089 0.001
379.205 0.001
379.321 0.001
379.437 0.001
379.553 0.001
379.669 0.001
379.786 0.001
379.902 0.001
380.018 0.001
380.135 0.001
380.251 0.001
380.368 0.001
380.485 0.001
380.602 0.001
380.718 0.001
380.835 0.001
380.952 0.001
381.069 0.001
381.187 0.001
381.304 0.001
381.421 0.001
381.538 0.001
381.656 0.001
381.773 0.001
381.891 0.001
382.009 0.001
382.126 0.001
382.244 0.001
382.362 0.001
382.480 0.001
382.598 0.001
382.716 0.001
382.834 0.001
382.952 0.001
383.071 0.001
383.189 0.001
383.308 0.001
383.426 0.001
383.545 0.001
383.663 0.001
383.782 0.001
383.901 0.001
384.020 0.001
384.139 0.001
384.258 0.001
384.377 0.001
384.496 0.001
384.615 0.001
384.735 0.001
384.854 0.001
384.974 0.001
385.093 0.001
385.213 0.001
385.333 0.001
385.452 0.001
385.572 0.001
385.692 0.001
385.812 0.001
385.932 0.001
386.052 0.001
386.173 0.001
386.293 0.001
386.413 0.001
386.534 0.001
386.654 0.001
386.775 0.001
386.895 0.001
387.016 0.001
387.137 0.001
387.258 0.001
387.379 0.001
387.500 0.001
387.621 0.001
387.742 0.001
387.864 0.001
387.985 0.001
388.106 0.001
388.228 0.001
388.350 0.001
388.471 0.001
388.593 0.001
388.715 0.001
388.837 0.001
388.959 0.001
389.081 0.001
389.203 0.001
389.325 0.001
389.447 0.001
389.570 0.001
389.692 0.001
389.815 0.001
389.937 0.001
390.060 0.001
390.183 0.001
390.305 0.001
390.428 0.001
390.551 0.001
390.674 0.001
390.797 0.001
390.921 0.001
391.044 0.001
391.167 0.001
391.291 0.001
391.414 0.001
391.538 0.001
391.661 0.001
391.785 0.001
391.909 0.001
392.033 0.001
392.157 0.001
392.281 0.001
392.405 0.001
392.529 0.001
392.654 0.001
392.778 0.001
392.902 0.001
393.027 0.001
393.152 0.001
393.276 0.001
393.401 0.001
393.526 0.001
393.651 0.001
393.776 0.001
393.901 0.001
394.026 0.001
394.151 0.001
394.277 0.001
394.402 0.001
394.528 0.001
394.653 0.001
394.779 0.001
394.904 0.001
395.030 0.001
395.156 0.001
395.282 0.001
395.408 0.001
395.534 0.001
395.660 0.001
395.787 0.001
395.913 0.001
396.040 0.001
396.166 0.001
396.293 0.001
396.419 0.001
396.546 0.001
396.673 0.001
396.800 0.001
396.927 0.001
397.054 0.001
397.181 0.001
397.309 0.001
397.436 0.001
397.563 0.001
397.691 0.001
397.818 0.001
397.946 0.001
398.074 0.001
398.202 0.001
398.330 0.001
398.458 0.001
398.586 0.001
398.714 0.001
398.842 0.001
398.970 0.001
399.099 0.001
399.227 0.001
399.356 0.001
399.485 0.001
399.613 0.001
399.742 0.001
399.871 0.001
400.000 0.001
400.129 0.001
400.258 0.001
400.387 0.001
400.517 0.001
400.646 0.001
400.776 0.001
400.905 0.001
401.035 0.001
401.165 0.001
401.294 0.001
401.424 0.001
401.554 0.001
401.684 0.001
401.815 0.001
401.945 0.001
402.075 0.001
402.206 0.001
402.336 0.001
402.467 0.001
402.597 0.001
402.728 0.001
402.859 0.001
402.990 0.001
403.121 0.001
403.252 0.001
403.383 0.001
403.514 0.001
403.646 0.001
403.777 0.001
403.909 0.001
404.040 0.001
404.172 0.001
404.304 0.001
404.436 0.001
404.568 0.001
404.700 0.001
404.832 0.001
404.964 0.001
405.096 0.001
405.229 0.001
405.361 0.001
405.494 0.001
405.626 0.001
405.759 0.001
405.892 0.001
406.025 0.001
406.158 0.001
406.291 0.001
406.424 0.001
406.557 0.001
406.691 0.001
406.824 0.001
406.958 0.001
407.091 0.001
407.225 0.001
407.359 0.001
407.493 0.001
407.627 0.001
407.761 0.001
407.895 0.001
408.029 0.001
408.163 0.001
408.298 0.001
408.432 0.001
408.567 0.001
408.701 0.001
408.836 0.001
408.971 0.001
409.106 0.001
409.241 0.001
409.376 0.001
409.511 0.001
409.647 0.001
409.782 0.001
409.917 0.001
410.053 0.001
410.189 0.001
410.324 0.001
410.460 0.001
410.596 0.001
410.732 0.001
410.868 0.001
411.004 0.001
411.141 0.001
411.277 0.001
411.413 0.001
411.550 0.001
411.687 0.001
411.823 0.001
411.960 0.001
412.097 0.001
412.234 0.001
412.371 0.001
412.508 0.001
412.646 0.001
412.783 0.001
412.920 0.001
413.058 0.001
413.196 0.001
413.333 0.001
413.471 0.001
413.609 0.001
413.747 0.001
413.885 0.001
414.023 0.001
414.162 0.001
414.300 0.001
414.439 0.001
414.577 0.001
414.716 0.001
414.854 0.001
414.993 0.001
415.132 0.001
415.271 0.001
415.410 0.001
415.550 0.001
415.689 0.001
415.828 0.001
415.968 0.001
416.107 0.001
416.247 0.001
416.387 0.001
416.527 0.001
416.667 0.001
416.807 0.001
416.947 0.001
417.087 0.001
417.227 0.001
417.368 0.001
417.508 0.001
417.649 0.001
417.790 0.001
417.931 0.001
418.071 0.001
418.212 0.001
418.354 0.001
418.495 0.001
418.636 0.001
418.777 0.001
418.919 0.001
419.060 0.001
419.202 0.001
419.344 0.001
419.486 0.001
419.628 0.001
419.770 0.001
419.912 0.001
420.054 0.001
420.197 0.001
420.339 0.001
420.482 0.001
420.624 0.001
420.767 0.001
420.910 0.001
421.053 0.001
421.196 0.001
421.339 0.001
421.482 0.001
421.625 0.001
421.769 0.001
421.912 0.001
422.056 0.001
422.200 0.001
422.343 0.001
422.487 0.001
422.631 0.001
422.775 0.001
422.920 0.001
423.064 0.001
423.208 0.001
423.353 0.001
423.497 0.001
423.642 0.001
423.787 0.001
423.932 0.001
424.077 0.001
424.222 0.001
424.367 0.001
424.512 0.001
424.658 0.001
424.803 0.001
424.949 0.001
425.094 0.001
425.240 0.001
425.386 0.001
425.532 0.001
425.678 0.001
425.824 0.001
425.970 0.001
426.117 0.001
426.263 0.001
426.410 0.001
426.557 0.001
426.703 0.001
426.850 0.001
426.997 0.001
427.144 0.001
427.292 0.001
427.439 0.001
427.586 0.001
427.734 0.001
427.881 0.001
428.029 0.001
428.177 0.001
428.325 0.001
428.473 0.001
428.621 0.001
428.769 0.001
428.917 0.001
429.066 0.001
429.214 0.001
429.363 0.001
429.512 0.001
429.660 0.001
429.809 0.001
429.958 0.001
430.108 0.001
430.257 0.001
430.406 0.001
430.556 0.001
430.705 0.001
430.855 0.001
431.005 0.001
431.154 0.001
431.304 0.001
431.454 0.001
431.605 0.001
431.755 0.001
431.905 0.001
432.056 0.001
432.206 0.001
432.357 0.001
432.508 0.001
432.659 0.001
432.810 0.001
432.961 0.001
433.112 0.001
433.263 0.001
433.415 0.001
433.566 0.001
433.718 0.001
433.870 0.001
434.022 0.001
434.174 0.001
434.326 0.001
434.478 0.001
434.630 0.001
434.783 0.001
434.935 0.001
435.088 0.001
435.240 0.001
435.393 0.001
435.546 0.001
435.699 0.001
435.852 0.001
436.006 0.001
436.159 0.001
436.312 0.001
436.466 0.001
436.620 0.001
436.774 0.001
436.927 0.001
437.081 0.001
437.236 0.001
437.390 0.001
437.544 0.001
437.699 0.001
437.853 0.001
438.008 0.001
438.163 0.001
438.317 0.001
438.472 0.001
438.628 0.001
438.783 0.001
438.938 0.001
439.093 0.001
439.249 0.001
439.405 0.001
439.560 0.001
439.716 0.001
439.872 0.001
440.028 0.001
440.185 0.001
440.341 0.001
440.497 0.001
440.654 0.001
440.811 0.001
440.967 0.001
441.124 0.001
441.281 0.001
441.438 0.001
441.595 0.001
441.753 0.001
441.910 0.001
442.068 0.001
442.225 0.001
442.383 0.001
442.541 0.001
442.699 0.001
442.857 0.001
443.015 0.001
443.174 0.001
443.332 0.001
443.491 0.001
443.649 0.001
443.808 0.001
443.967 0.001
444.126 0.001
444.285 0.001
444.444 0.001
444.604 0.001
444.763 0.001
444.923 0.001
445.083 0.001
445.242 0.001
445.402 0.001
445.562 0.001
445.723 0.001
445.883 0.001
446.043 0.001
446.204 0.001
446.364 0.001
446.525 0.001
446.686 0.001
446.847 0.001
447.008 0.001
447.169 0.001
447.330 0.001
447.492 0.001
447.653 0.001
447.815 0.001
447.977 0.001
448.139 0.001
448.301 0.001
448.463 0.001
448.625 0.001
448.788 0.001
448.950 0.001
449.113 0.001
449.275 0.001
449.438 0.001
449.601 0.001
449.764 0.001
449.927 0.001
450.091 0.001
450.254 0.001
450.418 0.001
450.581 0.001
450.745 0.001
450.909 0.001
451.073 0.001
451.237 0.001
451.402 0.001
451.566 0.001
451.730 0.001
451.895 0.001
452.060 0.001
452.225 0.001
452.390 0.001
452.555 0.001
452.720 0.001
452.885 0.001
453.051 0.001
453.216 0.001
453.382 0.001
453.548 0.001
453.714 0.001
453.880 0.001
454.046 0.001
454.212 0.001
454.379 0.001
454.545 0.001
454.712 0.001
454.879 0.001
455.046 0.001
455.213 0.001
455.380 0.001
455.547 0.001
455.715 0.001
455.882 0.001
456.050 0.001
456.218 0.001
456.386 0.001
456.554 0.001
456.722 0.001
456.890 0.001
457.059 0.001
457.227 0.001
457.396 0.001
457.565 0.001
457.733 0.001
457.903 0.001
458.072 0.001
458.241 0.001
458.410 0.001
458.580 0.001
458.750 0.001
458.919 0.001
459.089 0.001
459.259 0.001
459.429 0.001
459.600 0.001
459.770 0.001
459.941 0.001
460.111 0.001
460.282 0.001
460.453 0.001
460.624 0.001
460.795 0.001
460.967 0.001
461.138 0.001
461.310 0.001
461.481 0.001
461.653 0.001
461.825 0.001
461.997 0.001
462.169 0.001
462.342 0.001
462.514 0.001
462.687 0.001
462.859 0.001
463.032 0.001
463.205 0.001
463.378 0.001
463.551 0.001
463.725 0.001
463.898 0.001
464.072 0.001
464.246 0.001
464.419 0.001
464.593 0.001
464.768 0.001
464.942 0.001
465.116 0.001
465.291 0.001
465.465 0.001
465.640 0.001
465.815 0.001
465.990 0.001
466.165 0.001
466.341 0.001
466.516 0.001
466.692 0.001
466.867 0.001
467.043 0.001
467.219 0.001
467.395 0.001
>>>>>>> cbf1fbc04ec25b207980f441260079819b4adc8e
467.572 0.001
467.748 0.001
467.925 0.001
468.101 0.001
468.278 0.001
468.455 0.001
468.632 0.001
468.809 0.001
468.986 0.001
469.164 0.001
469.341 0.001
469.519 0.001
469.697 0.001
469.875 0.001
470.053 0.001
470.231 0.001
470.410 0.001
470.588 0.001
470.767 0.001
470.946 0.001
471.125 0.001
471.304 0.001
471.483 0.001
471.662 0.001
471.842 0.001
472.021 0.001
472.201 0.001
472.381 0.001
472.561 0.001
472.741 0.001
472.921 0.001
473.102 0.001
473.282 0.001
473.463 0.001
473.644 0.001
473.825 0.001
474.006 0.001
474.187 0.001
474.369 0.001
474.550 0.001
<<<<<<< HEAD
474.732 0.002
474.914 0.001
475.096 0.002
475.278 0.002
475.460 0.002
475.643 0.002
475.825 0.002
476.008 0.002
476.190 0.003
476.373 0.003
476.556 0.003
476.740 0.003
476.923 0.004
477.107 0.004
477.290 0.005
477.474 0.005
477.658 0.007
477.842 0.007
478.026 0.010
478.211 0.011
478.395 0.016
478.580 0.018
478.764 0.030
478.949 0.039
479.134 0.078
479.320 0.138
479.505 0.458
479.691 1.000
479.876 0.457
480.062 0.137
480.248 0.078
480.434 0.039
480.620 0.030
480.807 0.018
480.993 0.016
481.180 0.011
481.366 0.010
481.553 0.008
481.740 0.008
481.928 0.006
482.115 0.006
482.303 0.005
482.490 0.006
482.678 0.005
482.866 0.006
483.054 0.006
483.242 0.006
483.431 0.006
483.619 0.007
483.808 0.007
483.997 0.008
484.186 0.009
484.375 0.010
484.564 0.011
484.754 0.012
484.943 0.013
485.133 0.014
485.323 0.014
485.513 0.015
485.703 0.015
485.893 0.016
486.084 0.016
486.275 0.016
486.465 0.016
486.656 0.016
486.847 0.017
487.038 0.017
487.230 0.018
487.421 0.019
487.613 0.021
487.805 0.023
487.997 0.026
488.189 0.029
488.381 0.032
488.574 0.035
488.766 0.039
488.959 0.042
489.152 0.045
489.345 0.049
489.538 0.051
489.731 0.053
489.925 0.055
490.119 0.056
490.312 0.057
490.506 0.058
490.700 0.058
490.895 0.058
491.089 0.057
491.284 0.057
491.478 0.057
491.673 0.057
491.868 0.057
492.063 0.057
492.259 0.057
492.454 0.058
492.650 0.059
492.846 0.060
493.042 0.061
493.238 0.062
493.434 0.064
493.631 0.065
493.827 0.067
494.024 0.068
494.221 0.069
494.418 0.070
494.615 0.071
494.812 0.071
495.010 0.072
495.208 0.072
495.406 0.072
495.604 0.072
495.802 0.072
496.000 0.072
496.198 0.072
496.397 0.073
496.596 0.074
496.795 0.075
496.994 0.077
497.193 0.079
497.393 0.082
497.592 0.085
497.792 0.089
497.992 0.092
498.192 0.096
498.392 0.099
498.593 0.102
498.793 0.105
498.994 0.107
499.195 0.108
499.396 0.110
499.597 0.111
499.798 0.111
500.000 0.112
500.202 0.113
500.404 0.114
500.606 0.115
500.808 0.116
501.010 0.118
501.213 0.120
501.415 0.122
501.618 0.124
501.821 0.127
502.024 0.130
502.228 0.134
502.431 0.138
502.635 0.143
502.839 0.148
503.043 0.153
503.247 0.159
503.451 0.164
503.656 0.169
503.860 0.172
504.065 0.175
504.270 0.176
504.475 0.175
504.681 0.173
504.886 0.170
505.092 0.166
505.297 0.162
505.503 0.158
505.710 0.153
505.916 0.149
506.122 0.146
506.329 0.143
506.536 0.141
506.743 0.139
506.950 0.138
507.157 0.138
507.365 0.137
507.573 0.137
507.781 0.137
507.989 0.136
508.197 0.135
508.405 0.134
508.614 0.133
508.822 0.131
509.031 0.129
509.240 0.126
509.449 0.124
509.659 0.121
509.868 0.118
510.078 0.116
510.288 0.114
510.498 0.112
510.708 0.110
510.919 0.109
511.129 0.108
511.340 0.108
511.551 0.108
511.762 0.108
511.974 0.109
512.185 0.110
512.397 0.112
512.609 0.113
512.821 0.115
513.033 0.117
513.245 0.118
513.458 0.120
513.670 0.121
513.883 0.122
514.096 0.123
514.309 0.123
514.523 0.124
514.736 0.124
514.950 0.125
515.164 0.126
515.378 0.126
515.593 0.127
515.807 0.128
516.022 0.129
516.236 0.130
516.451 0.131
516.667 0.133
516.882 0.134
517.098 0.135
517.313 0.137
517.529 0.138
517.745 0.140
517.962 0.141
518.178 0.143
518.395 0.145
518.611 0.146
518.828 0.148
519.046 0.149
519.263 0.151
519.481 0.152
519.698 0.154
519.916 0.155
520.134 0.157
520.352 0.158
520.571 0.159
520.790 0.160
521.008 0.162
521.227 0.163
521.447 0.164
521.666 0.165
521.886 0.166
522.105 0.167
522.325 0.168
522.545 0.169
522.766 0.170
522.986 0.171
523.207 0.173
523.428 0.174
523.649 0.175
523.870 0.177
524.091 0.178
524.313 0.179
524.535 0.181
524.757 0.182
524.979 0.183
525.201 0.184
525.424 0.186
525.646 0.187
525.869 0.188
526.092 0.189
526.316 0.190
526.539 0.191
526.763 0.191
526.987 0.192
527.211 0.193
527.435 0.194
527.660 0.195
527.884 0.196
528.109 0.196
528.334 0.197
528.559 0.198
528.785 0.199
529.010 0.200
529.236 0.201
529.462 0.201
529.688 0.202
529.915 0.203
530.141 0.204
530.368 0.204
530.595 0.205
530.822 0.205
531.049 0.205
531.277 0.206
531.505 0.206
531.732 0.206
531.961 0.205
532.189 0.205
532.417 0.205
532.646 0.205
532.875 0.204
533.104 0.204
533.333 0.203
533.563 0.203
533.793 0.202
534.022 0.202
534.252 0.201
534.483 0.201
534.713 0.200
534.944 0.200
535.175 0.199
535.406 0.199
535.637 0.198
535.869 0.197
536.100 0.197
536.332 0.196
536.564 0.195
536.797 0.194
537.029 0.193
537.262 0.192
537.495 0.192
537.728 0.191
537.961 0.190
538.194 0.189
538.428 0.188
538.662 0.188
538.896 0.187
539.130 0.187
539.365 0.186
539.600 0.186
539.835 0.185
540.070 0.185
540.305 0.185
540.541 0.184
540.776 0.184
541.012 0.184
541.248 0.184
541.485 0.184
541.721 0.184
541.958 0.184
542.195 0.184
542.432 0.184
542.670 0.184
542.907 0.184
543.145 0.184
543.383 0.184
543.621 0.184
543.860 0.184
544.098 0.184
544.337 0.184
544.576 0.184
544.815 0.185
545.055 0.185
545.295 0.185
545.535 0.186
545.775 0.186
546.015 0.187
546.256 0.187
546.496 0.188
546.737 0.188
546.978 0.189
547.220 0.189
547.461 0.189
547.703 0.190
547.945 0.190
548.187 0.191
548.430 0.191
548.673 0.192
548.915 0.192
549.159 0.193
549.402 0.193
549.645 0.194
549.889 0.194
550.133 0.195
550.377 0.195
550.622 0.196
550.866 0.196
551.111 0.196
551.356 0.197
551.601 0.197
551.847 0.198
552.093 0.198
552.339 0.198
552.585 0.199
552.831 0.199
553.078 0.200
553.324 0.200
553.571 0.200
553.819 0.200
554.066 0.201
554.314 0.201
554.562 0.201
554.810 0.201
555.058 0.202
555.307 0.202
555.556 0.202
555.805 0.202
556.054 0.202
556.303 0.202
556.553 0.202
556.803 0.202
557.053 0.202
557.303 0.202
557.554 0.202
557.805 0.202
558.056 0.202
558.307 0.202
558.559 0.202
558.810 0.202
559.062 0.202
559.314 0.202
559.567 0.202
559.819 0.202
560.072 0.201
560.325 0.201
560.579 0.201
560.832 0.201
561.086 0.200
561.340 0.200
561.594 0.200
561.849 0.199
562.103 0.199
562.358 0.199
562.613 0.198
562.869 0.198
563.124 0.197
563.380 0.197
563.636 0.196
563.893 0.196
564.149 0.195
564.406 0.195
564.663 0.194
564.920 0.194
565.178 0.193
565.435 0.193
565.693 0.192
565.952 0.192
566.210 0.191
566.469 0.191
566.728 0.190
566.987 0.189
567.246 0.189
567.506 0.188
567.766 0.187
568.026 0.187
568.286 0.186
568.547 0.186
568.807 0.185
569.068 0.184
569.330 0.184
569.591 0.183
569.853 0.183
570.115 0.182
570.377 0.181
570.640 0.181
570.902 0.180
571.165 0.180
571.429 0.179
571.692 0.179
571.956 0.178
572.220 0.177
572.484 0.177
572.748 0.176
573.013 0.176
573.278 0.175
573.543 0.175
573.808 0.174
574.074 0.174
574.340 0.174
574.606 0.173
574.873 0.173
575.139 0.172
575.406 0.172
575.673 0.171
575.941 0.171
576.208 0.171
576.476 0.170
576.744 0.170
577.013 0.170
577.281 0.169
577.550 0.169
577.819 0.169
578.089 0.168
578.358 0.168
578.628 0.168
578.898 0.167
579.169 0.167
579.439 0.167
579.710 0.167
579.981 0.166
580.253 0.166
580.524 0.166
580.796 0.166
581.068 0.165
581.341 0.165
581.614 0.165
581.886 0.165
582.160 0.164
582.433 0.164
582.707 0.164
582.981 0.164
583.255 0.163
583.529 0.163
583.804 0.163
584.079 0.163
584.354 0.162
584.630 0.162
584.906 0.162
585.182 0.162
585.458 0.161
585.735 0.161
586.011 0.161
586.288 0.160
586.566 0.160
586.843 0.160
587.121 0.160
587.399 0.159
587.678 0.159
587.956 0.159
588.235 0.158
588.514 0.158
588.794 0.158
589.074 0.157
589.354 0.157
589.634 0.157
589.914 0.156
590.195 0.156
590.476 0.155
590.758 0.155
591.039 0.155
591.321 0.154
591.603 0.154
591.885 0.153
592.168 0.153
592.451 0.152
592.734 0.152
593.018 0.152
593.301 0.151
593.585 0.151
593.870 0.150
594.154 0.150
594.439 0.149
594.724 0.149
595.010 0.148
595.295 0.148
595.581 0.147
595.867 0.147
596.154 0.146
596.441 0.146
596.728 0.145
597.015 0.145
597.303 0.144
597.590 0.144
597.878 0.143
598.167 0.142
598.456 0.142
598.745 0.141
599.034 0.141
599.323 0.140
599.613 0.140
599.903 0.139
600.194 0.138
600.484 0.138
600.775 0.137
601.066 0.137
601.358 0.136
601.650 0.136
601.942 0.135
602.234 0.134
602.527 0.134
602.820 0.133
603.113 0.133
603.406 0.132
603.700 0.131
603.994 0.131
604.288 0.130
604.583 0.130
604.878 0.129
605.173 0.129
605.469 0.128
605.765 0.127
606.061 0.127
606.357 0.126
606.654 0.126
606.951 0.125
607.248 0.125
607.545 0.124
607.843 0.124
608.141 0.123
608.440 0.122
608.738 0.122
609.037 0.121
609.337 0.121
609.636 0.120
609.936 0.120
610.236 0.119
610.537 0.119
610.837 0.118
611.138 0.118
611.440 0.117
611.741 0.117
612.043 0.116
612.346 0.116
612.648 0.115
612.951 0.115
613.254 0.114
613.558 0.114
613.861 0.113
614.165 0.113
614.470 0.112
614.774 0.112
615.079 0.112
615.385 0.111
615.690 0.111
615.996 0.110
616.302 0.110
616.609 0.109
616.915 0.109
617.222 0.108
617.530 0.108
617.838 0.107
618.146 0.107
618.454 0.107
618.762 0.106
619.071 0.106
619.381 0.105
619.690 0.105
620.000 0.104
620.310 0.104
620.621 0.104
620.931 0.103
621.242 0.103
621.554 0.102
621.866 0.102
622.178 0.102
622.490 0.101
622.803 0.101
623.116 0.100
623.429 0.100
623.742 0.099
624.056 0.099
624.371 0.099
624.685 0.098
625.000 0.098
625.315 0.097
625.631 0.097
625.946 0.097
626.263 0.096
626.579 0.096
626.896 0.095
627.213 0.095
627.530 0.094
627.848 0.094
628.166 0.094
628.485 0.093
628.803 0.093
629.122 0.092
629.442 0.092
629.761 0.091
630.081 0.091
630.402 0.091
630.722 0.090
631.043 0.090
631.365 0.089
631.686 0.089
632.008 0.088
632.330 0.088
632.653 0.088
632.976 0.087
633.299 0.087
633.623 0.086
633.947 0.086
634.271 0.085
634.596 0.085
634.921 0.085
635.246 0.084
635.572 0.084
635.897 0.083
636.224 0.083
636.550 0.082
636.877 0.082
637.205 0.081
637.532 0.081
637.860 0.081
638.188 0.080
638.517 0.080
638.846 0.079
639.175 0.079
639.505 0.078
639.835 0.078
640.165 0.078
640.496 0.077
640.827 0.077
641.158 0.076
641.490 0.076
641.822 0.075
642.154 0.075
642.487 0.075
642.820 0.074
643.154 0.074
643.487 0.073
643.821 0.073
644.156 0.072
644.491 0.072
644.826 0.072
645.161 0.071
645.497 0.071
645.833 0.070
646.170 0.070
646.507 0.070
646.844 0.069
647.182 0.069
647.520 0.068
647.858 0.068
648.197 0.068
648.536 0.067
648.875 0.067
649.215 0.066
649.555 0.066
649.895 0.066
650.236 0.065
650.577 0.065
650.919 0.065
651.261 0.064
651.603 0.064
651.945 0.063
652.288 0.063
652.632 0.063
652.975 0.062
653.319 0.062
653.664 0.062
654.008 0.061
654.354 0.061
654.699 0.061
655.045 0.060
655.391 0.060
655.738 0.059
656.085 0.059
656.432 0.059
656.780 0.058
657.128 0.058
657.476 0.058
657.825 0.057
658.174 0.057
658.524 0.057
658.874 0.056
659.224 0.056
659.574 0.056
659.925 0.055
660.277 0.055
660.629 0.055
660.981 0.054
661.333 0.054
661.686 0.054
662.040 0.054
662.393 0.053
662.747 0.053
663.102 0.053
663.456 0.052
663.812 0.052
664.167 0.052
664.523 0.051
664.879 0.051
665.236 0.051
665.593 0.050
665.951 0.050
666.308 0.050
666.667 0.050
667.025 0.049
667.384 0.049
667.744 0.049
668.103 0.048
668.464 0.048
668.824 0.048
669.185 0.047
669.546 0.047
669.908 0.047
670.270 0.047
670.633 0.046
670.996 0.046
671.359 0.046
671.723 0.045
672.087 0.045
672.451 0.045
672.816 0.045
673.181 0.044
673.547 0.044
673.913 0.044
674.279 0.044
674.646 0.043
675.014 0.043
675.381 0.043
675.749 0.042
676.118 0.042
676.487 0.042
676.856 0.042
677.226 0.041
677.596 0.041
677.966 0.041
678.337 0.041
678.708 0.040
679.080 0.040
679.452 0.040
679.825 0.040
680.197 0.039
680.571 0.039
680.945 0.039
681.319 0.038
681.693 0.038
682.068 0.038
682.444 0.038
682.819 0.037
683.196 0.037
683.572 0.037
683.949 0.037
684.327 0.036
684.705 0.036
685.083 0.036
685.462 0.036
685.841 0.035
686.220 0.035
686.600 0.035
686.981 0.035
687.361 0.035
687.743 0.034
688.124 0.034
688.506 0.034
688.889 0.034
689.272 0.033
689.655 0.033
690.039 0.033
690.423 0.033
690.808 0.032
691.193 0.032
691.578 0.032
691.964 0.032
692.351 0.032
692.737 0.031
693.125 0.031
693.512 0.031
693.900 0.031
694.289 0.030
694.678 0.030
695.067 0.030
695.457 0.030
695.847 0.030
696.238 0.029
696.629 0.029
697.021 0.029
697.413 0.029
697.805 0.029
698.198 0.028
698.592 0.028
698.985 0.028
699.380 0.028
699.774 0.028
700.169 0.027
700.565 0.027
700.961 0.027
701.357 0.027
701.754 0.027
702.152 0.026
702.550 0.026
702.948 0.026
703.347 0.026
703.746 0.026
704.145 0.025
704.545 0.025
704.946 0.025
705.347 0.025
705.748 0.025
706.150 0.025
706.553 0.024
706.956 0.024
707.359 0.024
707.763 0.024
708.167 0.024
708.571 0.023
708.977 0.023
709.382 0.023
709.788 0.023
710.195 0.023
710.602 0.023
711.009 0.022
711.417 0.022
711.825 0.022
712.234 0.022
712.644 0.022
713.053 0.022
713.464 0.021
713.874 0.021
714.286 0.021
714.697 0.021
715.110 0.021
715.522 0.021
715.935 0.021
716.349 0.020
716.763 0.020
717.178 0.020
717.593 0.020
718.008 0.020
718.424 0.020
718.841 0.019
719.258 0.019
719.675 0.019
720.093 0.019
720.511 0.019
720.930 0.019
721.350 0.019
721.769 0.018
722.190 0.018
722.611 0.018
723.032 0.018
723.454 0.018
723.876 0.018
724.299 0.018
724.722 0.018
725.146 0.017
725.571 0.017
725.995 0.017
726.421 0.017
726.846 0.017
727.273 0.017
727.700 0.017
728.127 0.016
728.555 0.016
728.983 0.016
729.412 0.016
729.841 0.016
730.271 0.016
730.701 0.016
731.132 0.016
731.563 0.015
731.995 0.015
732.428 0.015
732.861 0.015
733.294 0.015
733.728 0.015
734.162 0.015
734.597 0.015
735.033 0.015
735.469 0.014
735.905 0.014
736.342 0.014
736.780 0.014
737.218 0.014
737.656 0.014
738.095 0.014
738.535 0.014
738.975 0.014
739.416 0.013
739.857 0.013
740.299 0.013
740.741 0.013
741.184 0.013
741.627 0.013
742.071 0.013
742.515 0.013
742.960 0.013
743.405 0.012
743.851 0.012
744.298 0.012
744.745 0.012
745.192 0.012
745.640 0.012
746.089 0.012
746.538 0.012
746.988 0.012
747.438 0.012
747.889 0.011
748.340 0.011
748.792 0.011
749.245 0.011
749.698 0.011
750.151 0.011
750.605 0.011
751.060 0.011
751.515 0.011
751.971 0.011
752.427 0.011
752.884 0.010
753.341 0.010
753.799 0.010
754.258 0.010
754.717 0.010
755.177 0.010
755.637 0.010
756.098 0.010
756.559 0.010
757.021 0.010
757.483 0.010
757.946 0.010
758.410 0.009
758.874 0.009
759.339 0.009
759.804 0.009
760.270 0.009
760.736 0.009
761.203 0.009
761.671 0.009
762.139 0.009
762.608 0.009
763.077 0.009
763.547 0.009
764.017 0.009
764.488 0.008
764.960 0.008
765.432 0.008
765.905 0.008
766.378 0.008
766.852 0.008
767.327 0.008
767.802 0.008
768.278 0.008
768.754 0.008
769.231 0.008
769.708 0.008
770.186 0.008
770.665 0.008
771.144 0.008
771.624 0.007
772.105 0.007
772.586 0.007
773.067 0.007
773.550 0.007
774.032 0.007
774.516 0.007
775.000 0.007
775.485 0.007
775.970 0.007
776.456 0.007
776.942 0.007
777.429 0.007
777.917 0.007
778.406 0.007
778.894 0.007
779.384 0.006
779.874 0.006
780.365 0.006
780.856 0.006
781.348 0.006
781.841 0.006
782.334 0.006
782.828 0.006
783.323 0.006
783.818 0.006
784.314 0.006
784.810 0.006
785.307 0.006
785.805 0.006
786.303 0.006
786.802 0.006
787.302 0.006
787.802 0.006
788.303 0.006
788.804 0.005
789.306 0.005
789.809 0.005
790.312 0.005
790.816 0.005
791.321 0.005
791.826 0.005
792.332 0.005
792.839 0.005
793.346 0.005
793.854 0.005
794.363 0.005
794.872 0.005
795.382 0.005
795.892 0.005
796.403 0.005
796.915 0.005
797.428 0.005
797.941 0.005
798.455 0.005
798.969 0.005
799.484 0.005
800.000 0.004
800.516 0.004
801.034 0.004
801.551 0.004
802.070 0.004
802.589 0.004
803.109 0.004
803.629 0.004
804.150 0.004
804.672 0.004
805.195 0.004
805.718 0.004
806.242 0.004
806.766 0.004
807.292 0.004
807.818 0.004
808.344 0.004
808.871 0.004
809.399 0.004
809.928 0.004
810.458 0.004
810.988 0.004
811.518 0.004
812.050 0.004
812.582 0.004
813.115 0.004
813.648 0.004
814.183 0.003
814.717 0.003
815.253 0.003
815.789 0.003
816.327 0.003
816.864 0.003
817.403 0.003
817.942 0.003
818.482 0.003
819.022 0.003
819.564 0.003
820.106 0.003
820.649 0.003
821.192 0.003
821.736 0.003
822.281 0.003
822.827 0.003
823.373 0.003
823.920 0.003
824.468 0.003
825.017 0.003
825.566 0.003
826.116 0.003
826.667 0.003
827.218 0.003
827.770 0.003
828.323 0.003
828.877 0.003
829.431 0.003
829.987 0.003
830.543 0.003
831.099 0.003
831.657 0.003
832.215 0.003
832.774 0.003
833.333 0.002
833.894 0.002
834.455 0.002
835.017 0.002
835.580 0.002
836.143 0.002
836.707 0.002
837.272 0.002
837.838 0.002
838.404 0.002
838.972 0.002
839.540 0.002
840.108 0.002
840.678 0.002
841.248 0.002
841.819 0.002
842.391 0.002
842.964 0.002
843.537 0.002
844.112 0.002
844.687 0.002
845.262 0.002
845.839 0.002
846.416 0.002
846.995 0.002
847.573 0.002
848.153 0.002
848.734 0.002
849.315 0.002
849.897 0.002
850.480 0.002
851.064 0.002
851.648 0.002
852.234 0.002
852.820 0.002
853.407 0.002
853.994 0.002
854.583 0.002
855.172 0.002
855.763 0.002
856.354 0.002
856.945 0.002
857.538 0.002
858.131 0.002
858.726 0.002
859.321 0.002
859.917 0.002
860.514 0.002
861.111 0.002
861.710 0.002
862.309 0.002
862.909 0.002
863.510 0.001
864.111 0.001
864.714 0.001
865.318 0.001
865.922 0.001
866.527 0.001
867.133 0.001
867.740 0.001
868.347 0.001
868.956 0.001
869.565 0.001
870.175 0.001
870.787 0.001
871.398 0.001
872.011 0.001
872.625 0.001
873.239 0.001
873.855 0.001
874.471 0.001
875.088 0.001
875.706 0.001
876.325 0.001
876.945 0.001
877.565 0.001
878.187 0.001
878.809 0.001
879.433 0.001
880.057 0.001
880.682 0.001
881.308 0.001
881.935 0.001
882.562 0.001
883.191 0.001
883.820 0.001
884.451 0.001
885.082 0.001
885.714 0.001
886.347 0.001
886.981 0.001
887.616 0.001
888.252 0.001
888.889 0.001
889.527 0.001
890.165 0.001
890.805 0.001
891.445 0.001
892.086 0.001
892.729 0.001
893.372 0.001
894.016 0.001
894.661 0.001
895.307 0.001
895.954 0.001
896.602 0.001
897.250 0.001
897.900 0.001
898.551 0.001
899.202 0.001
899.855 0.001
900.508 0.001
901.163 0.001
901.818 0.001
902.475 0.001
903.132 0.001
903.790 0.001
904.449 0.001
905.109 0.001
905.771 0.001
906.433 0.001
907.096 0.001
907.760 0.001
908.425 0.001
909.091 0.001
909.758 0.001
910.426 0.001
911.095 0.001
911.765 0.001
912.436 0.001
913.108 0.001
913.780 0.001
914.454 0.001
915.129 0.001
915.805 0.001
916.482 0.001
917.160 0.001
917.839 0.001
918.519 0.001
919.199 0.001
919.881 0.001
920.564 0.001
921.248 0.001
921.933 0.001
922.619 0.001
923.306 0.001
923.994 0.001
924.683 0.001
925.373 0.001
926.064 0.001
926.756 0.001
927.450 0.001
928.144 0.001
928.839 0.001
929.535 0.001
930.233 0.001
930.931 0.001
931.630 0.000
932.331 0.000
933.032 0.000
933.735 0.000
934.439 0.000
935.143 0.000
935.849 0.000
936.556 0.000
937.264 0.000
937.973 0.000
938.683 0.000
939.394 0.000
940.106 0.000
940.819 0.000
941.534 0.000
942.249 0.000
942.966 0.000
943.683 0.000
944.402 0.000
945.122 0.000
945.843 0.000
946.565 0.000
947.288 0.000
948.012 0.000
948.738 0.000
949.464 0.000
950.192 0.000
950.920 0.000
951.650 0.000
952.381 0.000
953.113 0.000
953.846 0.000
954.580 0.000
955.316 0.000
956.052 0.000
956.790 0.000
957.529 0.000
958.269 0.000
959.010 0.000
959.752 0.000
960.496 0.000
961.240 0.000
961.986 0.000
962.733 0.000
963.481 0.000
964.230 0.000
964.981 0.000
965.732 0.000
966.485 0.000
967.239 0.000
967.994 0.000
968.750 0.000
969.507 0.000
970.266 0.000
971.026 0.000
971.787 0.000
972.549 0.000
973.312 0.000
974.077 0.000
974.843 0.000
975.610 0.000
976.378 0.000
977.147 0.000
977.918 0.000
978.690 0.000
979.463 0.000
980.237 0.000
981.013 0.000
981.789 0.000
982.567 0.000
983.347 0.000
984.127 0.000
984.909 0.000
985.692 0.000
986.476 0.000
987.261 0.000
988.048 0.000
988.836 0.000
989.625 0.000
990.415 0.000
991.207 0.000
992.000 0.000
992.794 0.000
993.590 0.000
994.387 0.000
995.185 0.000
995.984 0.000
996.785 0.000
997.586 0.000
998.390 0.000
999.194 0.000
1000.000 0.000
1000.807 0.000
1001.616 0.000
1002.425 0.000
1003.236 0.000
1004.049 0.000
1004.862 0.000
1005.677 0.000
1006.494 0.000
1007.311 0.000
1008.130 0.000
1008.950 0.000
1009.772 0.000
1010.595 0.000
1011.419 0.000
1012.245 0.000
1013.072 0.000
1013.900 0.000
1014.730 0.000
1015.561 0.000
1016.393 0.000
1017.227 0.000
1018.062 0.000
1018.899 0.000
1019.737 0.000
1020.576 0.000
1021.417 0.000
1022.259 0.000
1023.102 0.000
1023.947 0.000
1024.793 0.000
1025.641 0.000
1026.490 0.000
1027.341 0.000
1028.192 0.000
1029.046 0.000
1029.900 0.000
1030.756 0.000
1031.614 0.000
1032.473 0.000
1033.333 0.000
1034.195 0.000
1035.058 0.000
1035.923 0.000
1036.789 0.000
1037.657 0.000
1038.526 0.000
1039.396 0.000
1040.268 0.000
1041.142 0.000
1042.017 0.000
1042.893 0.000
1043.771 0.000
1044.650 0.000
1045.531 0.000
1046.414 0.000
1047.297 0.000
1048.183 0.000
1049.069 0.000
1049.958 0.000
1050.847 0.000
1051.739 0.000
1052.632 0.000
1053.526 0.000
1054.422 0.000
1055.319 0.000
1056.218 0.000
1057.118 0.000
1058.020 0.000
1058.924 0.000
1059.829 0.000
1060.736 0.000
1061.644 0.000
1062.554 0.000
1063.465 0.000
1064.378 0.000
1065.292 0.000
1066.208 0.000
1067.126 0.000
1068.045 0.000
1068.966 0.000
1069.888 0.000
1070.812 0.000
1071.737 0.000
1072.664 0.000
1073.593 0.000
1074.523 0.000
1075.455 0.000
1076.389 0.000
1077.324 0.000
1078.261 0.000
1079.199 0.000
1080.139 0.000
1081.081 0.000
1082.024 0.000
1082.969 0.000
1083.916 0.000
1084.864 0.000
1085.814 0.000
1086.766 0.000
1087.719 0.000
1088.674 0.000
1089.631 0.000
1090.589 0.000
1091.549 0.000
1092.511 0.000
1093.474 0.000
1094.440 0.000
1095.406 0.000
1096.375 0.000
1097.345 0.000
1098.317 0.000
1099.291 0.000
1100.266 0.000
1101.243 0.000
1102.222 0.000
1103.203 0.000
1104.185 0.000
1105.169 0.000
1106.155 0.000
1107.143 0.000
1108.132 0.000
1109.123 0.000
1110.116 0.000
1111.111 0.000
1112.108 0.000
1113.106 0.000
1114.106 0.000
1115.108 0.000
1116.112 0.000
1117.117 0.000
1118.124 0.000
1119.134 0.000
1120.145 0.000
1121.157 0.000
1122.172 0.000
1123.188 0.000
1124.207 0.000
1125.227 0.000
1126.249 0.000
1127.273 0.000
1128.298 0.000
1129.326 0.000
1130.356 0.000
1131.387 0.000
1132.420 0.000
1133.455 0.000
1134.492 0.000
1135.531 0.000
1136.572 0.000
1137.615 0.000
1138.659 0.000
1139.706 0.000
1140.754 0.000
1141.805 0.000
1142.857 0.000
1143.911 0.000
1144.968 0.000
1146.026 0.000
1147.086 0.000
1148.148 0.000
1149.212 0.000
1150.278 0.000
1151.346 0.000
1152.416 0.000
1153.488 0.000
1154.562 0.000
1155.638 0.000
1156.716 0.000
1157.796 0.000
1158.879 0.000
1159.963 0.000
1161.049 0.000
1162.137 0.000
1163.227 0.000
1164.319 0.000
1165.414 0.000
1166.510 0.000
1167.608 0.000
1168.709 0.000
1169.811 0.000
1170.916 0.000
1172.023 0.000
1173.132 0.000
1174.242 0.000
1175.355 0.000
1176.471 0.000
1177.588 0.000
1178.707 0.000
1179.829 0.000
1180.952 0.000
1182.078 0.000
1183.206 0.000
1184.336 0.000
1185.468 0.000
1186.603 0.000
1187.739 0.000
1188.878 0.000
1190.019 0.000
1191.162 0.000
1192.308 0.000
1193.455 0.000
1194.605 0.000
1195.757 0.000
1196.911 0.000
1198.068 0.000
1199.226 0.000
1200.387 0.000
1201.550 0.000
1202.716 0.000
1203.883 0.000
1205.053 0.000
1206.226 0.000
1207.400 0.000
1208.577 0.000
1209.756 0.000
1210.938 0.000
1212.121 0.000
1213.307 0.000
1214.496 0.000
1215.686 0.000
1216.879 0.000
1218.075 0.000
1219.272 0.000
1220.472 0.000
1221.675 0.000
1222.880 0.000
1224.087 0.000
1225.296 0.000
1226.508 0.000
1227.723 0.000
1228.940 0.000
1230.159 0.000
1231.380 0.000
1232.604 0.000
1233.831 0.000
1235.060 0.000
1236.291 0.000
1237.525 0.000
1238.761 0.000
=======
474.732 0.001
474.914 0.001
475.096 0.001
475.278 0.001
475.460 0.001
475.643 0.001
475.825 0.001
476.008 0.001
476.190 0.001
476.373 0.001
476.556 0.001
476.740 0.001
476.923 0.001
477.107 0.001
477.290 0.001
477.474 0.001
477.658 0.001
477.842 0.001
478.026 0.001
478.211 0.001
478.395 0.001
478.580 0.001
478.764 0.001
478.949 0.001
479.134 0.001
479.320 0.001
479.505 0.001
479.691 0.001
479.876 0.001
480.062 0.001
480.248 0.001
480.434 0.001
480.620 0.001
480.807 0.001
480.993 0.001
481.180 0.001
481.366 0.001
481.553 0.001
481.740 0.001
481.928 0.001
482.115 0.001
482.303 0.001
482.490 0.001
482.678 0.001
482.866 0.001
483.054 0.001
483.242 0.001
483.431 0.001
483.619 0.001
483.808 0.001
483.997 0.001
484.186 0.001
484.375 0.001
484.564 0.001
484.754 0.001
484.943 0.001
485.133 0.001
485.323 0.001
485.513 0.001
485.703 0.001
485.893 0.001
486.084 0.001
486.275 0.001
486.465 0.001
486.656 0.001
486.847 0.001
487.038 0.001
487.230 0.001
487.421 0.001
487.613 0.001
487.805 0.001
487.997 0.001
488.189 0.001
488.381 0.001
488.574 0.001
488.766 0.001
488.959 0.001
489.152 0.001
489.345 0.001
489.538 0.001
489.731 0.001
489.925 0.001
490.119 0.001
490.312 0.001
490.506 0.001
490.700 0.001
490.895 0.001
491.089 0.001
491.284 0.001
491.478 0.001
491.673 0.001
491.868 0.001
492.063 0.001
492.259 0.001
492.454 0.001
492.650 0.001
492.846 0.001
493.042 0.001
493.238 0.001
493.434 0.001
493.631 0.001
493.827 0.001
494.024 0.001
494.221 0.001
494.418 0.001
494.615 0.001
494.812 0.001
495.010 0.001
495.208 0.001
495.406 0.001
495.604 0.001
495.802 0.001
496.000 0.001
496.198 0.001
496.397 0.001
496.596 0.001
496.795 0.001
496.994 0.001
497.193 0.001
497.393 0.001
497.592 0.001
497.792 0.001
497.992 0.001
498.192 0.001
498.392 0.001
498.593 0.001
498.793 0.001
498.994 0.001
499.195 0.001
499.396 0.001
499.597 0.001
499.798 0.001
500.000 0.001
500.202 0.001
500.404 0.001
500.606 0.001
500.808 0.001
501.010 0.001
501.213 0.001
501.415 0.001
501.618 0.001
501.821 0.001
502.024 0.001
502.228 0.001
502.431 0.001
502.635 0.001
502.839 0.001
503.043 0.001
503.247 0.001
503.451 0.001
503.656 0.001
503.860 0.001
504.065 0.001
504.270 0.001
504.475 0.001
504.681 0.001
504.886 0.001
505.092 0.001
505.297 0.001
505.503 0.001
505.710 0.001
505.916 0.001
506.122 0.001
506.329 0.001
506.536 0.001
506.743 0.001
506.950 0.001
507.157 0.001
507.365 0.001
507.573 0.001
507.781 0.002
507.989 0.002
508.197 0.002
508.405 0.002
508.614 0.002
508.822 0.002
509.031 0.002
509.240 0.002
509.449 0.002
509.659 0.002
509.868 0.002
510.078 0.002
510.288 0.002
510.498 0.002
510.708 0.002
510.919 0.002
511.129 0.002
511.340 0.002
511.551 0.002
511.762 0.002
511.974 0.002
512.185 0.002
512.397 0.002
512.609 0.002
512.821 0.002
513.033 0.002
513.245 0.002
513.458 0.002
513.670 0.002
513.883 0.002
514.096 0.002
514.309 0.002
514.523 0.002
514.736 0.002
514.950 0.002
515.164 0.002
515.378 0.002
515.593 0.002
515.807 0.002
516.022 0.002
516.236 0.002
516.451 0.002
516.667 0.002
516.882 0.002
517.098 0.002
517.313 0.002
517.529 0.002
517.745 0.002
517.962 0.002
518.178 0.002
518.395 0.002
518.611 0.002
518.828 0.002
519.046 0.002
519.263 0.002
519.481 0.002
519.698 0.002
519.916 0.002
520.134 0.003
520.352 0.003
520.571 0.003
520.790 0.003
521.008 0.003
521.227 0.003
521.447 0.003
521.666 0.003
521.886 0.003
522.105 0.003
522.325 0.003
522.545 0.003
522.766 0.004
522.986 0.004
523.207 0.004
523.428 0.004
523.649 0.005
523.870 0.005
524.091 0.006
524.313 0.005
524.535 0.007
524.757 0.007
524.979 0.008
525.201 0.009
525.424 0.012
525.646 0.012
525.869 0.018
526.092 0.020
526.316 0.032
526.539 0.041
526.763 0.080
526.987 0.139
527.211 0.459
527.435 1.000
527.660 0.458
527.884 0.139
528.109 0.080
528.334 0.041
528.559 0.033
528.785 0.021
529.010 0.019
529.236 0.014
529.462 0.014
529.688 0.011
529.915 0.011
530.141 0.010
530.368 0.011
530.595 0.010
530.822 0.011
531.049 0.011
531.277 0.012
531.505 0.013
531.732 0.015
531.961 0.017
532.189 0.021
532.417 0.025
532.646 0.031
532.875 0.038
533.104 0.046
533.333 0.056
533.563 0.067
533.793 0.078
534.022 0.090
534.252 0.102
534.483 0.114
534.713 0.123
534.944 0.131
535.175 0.135
535.406 0.137
535.637 0.135
535.869 0.131
536.100 0.124
536.332 0.114
536.564 0.104
536.797 0.092
537.029 0.081
537.262 0.070
537.495 0.061
537.728 0.054
537.961 0.048
538.194 0.044
538.428 0.042
538.662 0.043
538.896 0.045
539.130 0.048
539.365 0.053
539.600 0.058
539.835 0.064
540.070 0.070
540.305 0.075
540.541 0.080
540.776 0.085
541.012 0.089
541.248 0.092
541.485 0.094
541.721 0.096
541.958 0.097
542.195 0.098
542.432 0.099
542.670 0.099
542.907 0.099
543.145 0.099
543.383 0.099
543.621 0.099
543.860 0.098
544.098 0.098
544.337 0.097
544.576 0.097
544.815 0.098
545.055 0.099
545.295 0.101
545.535 0.104
545.775 0.109
546.015 0.115
546.256 0.121
546.496 0.129
546.737 0.137
546.978 0.145
547.220 0.152
547.461 0.159
547.703 0.164
547.945 0.168
548.187 0.169
548.430 0.169
548.673 0.167
548.915 0.164
549.159 0.159
549.402 0.153
549.645 0.146
549.889 0.140
550.133 0.133
550.377 0.127
550.622 0.122
550.866 0.118
551.111 0.114
551.356 0.112
551.601 0.110
551.847 0.109
552.093 0.109
552.339 0.110
552.585 0.112
552.831 0.115
553.078 0.119
553.324 0.124
553.571 0.131
553.819 0.138
554.066 0.147
554.314 0.157
554.562 0.168
554.810 0.179
555.058 0.191
555.307 0.204
555.556 0.216
555.805 0.228
556.054 0.240
556.303 0.251
556.553 0.261
556.803 0.269
557.053 0.276
557.303 0.281
557.554 0.284
557.805 0.285
558.056 0.284
558.307 0.281
558.559 0.277
558.810 0.271
559.062 0.264
559.314 0.257
559.567 0.251
559.819 0.244
560.072 0.239
560.325 0.235
560.579 0.233
560.832 0.232
561.086 0.232
561.340 0.232
561.594 0.234
561.849 0.236
562.103 0.238
562.358 0.240
562.613 0.242
562.869 0.245
563.124 0.247
563.380 0.250
563.636 0.253
563.893 0.257
564.149 0.263
564.406 0.269
564.663 0.276
564.920 0.284
565.178 0.293
565.435 0.303
565.693 0.312
565.952 0.321
566.210 0.329
566.469 0.336
566.728 0.341
566.987 0.345
567.246 0.347
567.506 0.347
567.766 0.347
568.026 0.346
568.286 0.345
568.547 0.344
568.807 0.343
569.068 0.343
569.330 0.344
569.591 0.347
569.853 0.350
570.115 0.353
570.377 0.357
570.640 0.361
570.902 0.364
571.165 0.366
571.429 0.367
571.692 0.367
571.956 0.365
572.220 0.362
572.484 0.359
572.748 0.355
573.013 0.350
573.278 0.346
573.543 0.343
573.808 0.340
574.074 0.338
574.340 0.337
574.606 0.336
574.873 0.337
575.139 0.339
575.406 0.341
575.673 0.343
575.941 0.346
576.208 0.349
576.476 0.353
576.744 0.356
577.013 0.360
577.281 0.364
577.550 0.369
577.819 0.373
578.089 0.378
578.358 0.382
578.628 0.387
578.898 0.392
579.169 0.397
579.439 0.401
579.710 0.406
579.981 0.410
580.253 0.413
580.524 0.416
580.796 0.419
581.068 0.421
581.341 0.422
581.614 0.422
581.886 0.422
582.160 0.422
582.433 0.421
582.707 0.420
582.981 0.418
583.255 0.417
583.529 0.416
583.804 0.415
584.079 0.414
584.354 0.414
584.630 0.414
584.906 0.415
585.182 0.416
585.458 0.418
585.735 0.420
586.011 0.423
586.288 0.427
586.566 0.431
586.843 0.435
587.121 0.440
587.399 0.445
587.678 0.450
587.956 0.456
588.235 0.461
588.514 0.468
588.794 0.474
589.074 0.480
589.354 0.486
589.634 0.492
589.914 0.497
590.195 0.503
590.476 0.508
590.758 0.513
591.039 0.517
591.321 0.521
591.603 0.524
591.885 0.527
592.168 0.530
592.451 0.533
592.734 0.535
593.018 0.537
593.301 0.538
593.585 0.540
593.870 0.542
594.154 0.543
594.439 0.545
594.724 0.546
595.010 0.548
595.295 0.549
595.581 0.551
595.867 0.552
596.154 0.554
596.441 0.556
596.728 0.557
597.015 0.559
597.303 0.561
597.590 0.563
597.878 0.565
598.167 0.567
598.456 0.570
598.745 0.573
599.034 0.576
599.323 0.580
599.613 0.583
599.903 0.587
600.194 0.592
600.484 0.596
600.775 0.601
601.066 0.605
601.358 0.610
601.650 0.615
601.942 0.619
602.234 0.624
602.527 0.629
602.820 0.633
603.113 0.637
603.406 0.642
603.700 0.646
603.994 0.650
604.288 0.654
604.583 0.657
604.878 0.661
605.173 0.664
605.469 0.667
605.765 0.670
606.061 0.673
606.357 0.675
606.654 0.677
606.951 0.679
607.248 0.680
607.545 0.682
607.843 0.682
608.141 0.683
608.440 0.684
608.738 0.684
609.037 0.684
609.337 0.685
609.636 0.685
609.936 0.686
610.236 0.686
610.537 0.687
610.837 0.689
611.138 0.690
611.440 0.692
611.741 0.693
612.043 0.695
612.346 0.698
612.648 0.700
612.951 0.702
613.254 0.705
613.558 0.708
613.861 0.710
614.165 0.713
614.470 0.716
614.774 0.719
615.079 0.722
615.385 0.725
615.690 0.728
615.996 0.731
616.302 0.734
616.609 0.737
616.915 0.740
617.222 0.743
617.530 0.745
617.838 0.747
618.146 0.749
618.454 0.751
618.762 0.753
619.071 0.754
619.381 0.755
619.690 0.756
620.000 0.757
620.310 0.757
620.621 0.758
620.931 0.759
621.242 0.759
621.554 0.760
621.866 0.761
622.178 0.762
622.490 0.762
622.803 0.763
623.116 0.764
623.429 0.766
623.742 0.767
624.056 0.768
624.371 0.769
624.685 0.771
625.000 0.772
625.315 0.774
625.631 0.776
625.946 0.777
626.263 0.779
626.579 0.781
626.896 0.784
627.213 0.786
627.530 0.788
627.848 0.790
628.166 0.793
628.485 0.795
628.803 0.798
629.122 0.800
629.442 0.803
629.761 0.805
630.081 0.808
630.402 0.810
630.722 0.813
631.043 0.815
631.365 0.817
631.686 0.819
632.008 0.821
632.330 0.823
632.653 0.825
632.976 0.827
633.299 0.829
633.623 0.831
633.947 0.832
634.271 0.834
634.596 0.836
634.921 0.837
635.246 0.839
635.572 0.840
635.897 0.842
636.224 0.843
636.550 0.844
636.877 0.846
637.205 0.847
637.532 0.849
637.860 0.851
638.188 0.852
638.517 0.854
638.846 0.856
639.175 0.858
639.505 0.860
639.835 0.862
640.165 0.864
640.496 0.866
640.827 0.868
641.158 0.871
641.490 0.873
641.822 0.876
642.154 0.878
642.487 0.880
642.820 0.883
643.154 0.885
643.487 0.888
643.821 0.890
644.156 0.893
644.491 0.895
644.826 0.897
645.161 0.899
645.497 0.901
645.833 0.903
646.170 0.905
646.507 0.907
646.844 0.909
647.182 0.910
647.520 0.912
647.858 0.913
648.197 0.915
648.536 0.916
648.875 0.917
649.215 0.918
649.555 0.919
649.895 0.920
650.236 0.921
650.577 0.922
650.919 0.923
651.261 0.924
651.603 0.925
651.945 0.925
652.288 0.926
652.632 0.927
652.975 0.928
653.319 0.929
653.664 0.930
654.008 0.931
654.354 0.933
654.699 0.934
655.045 0.935
655.391 0.936
655.738 0.937
656.085 0.938
656.432 0.940
656.780 0.941
657.128 0.942
657.476 0.943
657.825 0.945
658.174 0.946
658.524 0.947
658.874 0.948
659.224 0.949
659.574 0.950
659.925 0.951
660.277 0.952
660.629 0.953
660.981 0.954
661.333 0.955
661.686 0.955
662.040 0.956
662.393 0.957
662.747 0.957
663.102 0.958
663.456 0.958
663.812 0.958
664.167 0.959
664.523 0.959
664.879 0.959
665.236 0.960
665.593 0.960
665.951 0.960
666.308 0.960
666.667 0.960
667.025 0.960
667.384 0.960
667.744 0.961
668.103 0.961
668.464 0.961
668.824 0.961
669.185 0.961
669.546 0.961
669.908 0.961
670.270 0.962
670.633 0.962
670.996 0.962
671.359 0.962
671.723 0.963
672.087 0.963
672.451 0.963
672.816 0.964
673.181 0.964
673.547 0.964
673.913 0.964
674.279 0.965
674.646 0.965
675.014 0.965
675.381 0.966
675.749 0.966
676.118 0.966
676.487 0.966
676.856 0.966
677.226 0.967
677.596 0.967
677.966 0.967
678.337 0.967
678.708 0.967
679.080 0.967
679.452 0.967
679.825 0.967
680.197 0.967
680.571 0.967
680.945 0.967
681.319 0.966
681.693 0.966
682.068 0.966
682.444 0.966
682.819 0.966
683.196 0.966
683.572 0.966
683.949 0.965
684.327 0.965
684.705 0.965
685.083 0.965
685.462 0.965
685.841 0.965
686.220 0.965
686.600 0.965
686.981 0.965
687.361 0.965
687.743 0.965
688.124 0.965
688.506 0.965
688.889 0.965
689.272 0.965
689.655 0.965
690.039 0.965
690.423 0.965
690.808 0.965
691.193 0.965
691.578 0.965
691.964 0.965
692.351 0.965
692.737 0.965
693.125 0.965
693.512 0.964
693.900 0.964
694.289 0.964
694.678 0.964
695.067 0.964
695.457 0.964
695.847 0.963
696.238 0.963
696.629 0.963
697.021 0.962
697.413 0.962
697.805 0.962
698.198 0.961
698.592 0.961
698.985 0.960
699.380 0.960
699.774 0.960
700.169 0.959
700.565 0.959
700.961 0.958
701.357 0.958
701.754 0.957
702.152 0.957
702.550 0.956
702.948 0.956
703.347 0.955
703.746 0.955
704.145 0.954
704.545 0.954
704.946 0.953
705.347 0.953
705.748 0.952
706.150 0.952
706.553 0.951
706.956 0.951
707.359 0.950
707.763 0.950
708.167 0.949
708.571 0.949
708.977 0.948
709.382 0.947
709.788 0.947
710.195 0.946
710.602 0.945
711.009 0.944
711.417 0.944
711.825 0.943
712.234 0.942
712.644 0.941
713.053 0.940
713.464 0.940
713.874 0.939
714.286 0.938
714.697 0.937
715.110 0.936
715.522 0.935
715.935 0.934
716.349 0.933
716.763 0.932
717.178 0.931
717.593 0.930
718.008 0.929
718.424 0.928
718.841 0.926
719.258 0.925
719.675 0.924
720.093 0.923
720.511 0.922
720.930 0.921
721.350 0.920
721.769 0.919
722.190 0.917
722.611 0.916
723.032 0.915
723.454 0.914
723.876 0.913
724.299 0.912
724.722 0.910
725.146 0.909
725.571 0.908
725.995 0.907
726.421 0.906
726.846 0.904
727.273 0.903
727.700 0.902
728.127 0.901
728.555 0.899
728.983 0.898
729.412 0.897
729.841 0.896
730.271 0.894
730.701 0.893
731.132 0.892
731.563 0.890
731.995 0.889
732.428 0.887
732.861 0.886
733.294 0.885
733.728 0.883
734.162 0.882
734.597 0.880
735.033 0.879
735.469 0.878
735.905 0.876
736.342 0.875
736.780 0.873
737.218 0.872
737.656 0.870
738.095 0.869
738.535 0.867
738.975 0.866
739.416 0.864
739.857 0.863
740.299 0.861
740.741 0.860
741.184 0.858
741.627 0.857
742.071 0.855
742.515 0.854
742.960 0.853
743.405 0.851
743.851 0.850
744.298 0.848
744.745 0.847
745.192 0.845
745.640 0.844
746.089 0.842
746.538 0.841
746.988 0.839
747.438 0.838
747.889 0.836
748.340 0.834
748.792 0.833
749.245 0.831
749.698 0.830
750.151 0.828
750.605 0.827
751.060 0.825
751.515 0.824
751.971 0.822
752.427 0.820
752.884 0.819
753.341 0.817
753.799 0.816
754.258 0.814
754.717 0.812
755.177 0.811
755.637 0.809
756.098 0.808
756.559 0.806
757.021 0.804
757.483 0.803
757.946 0.801
758.410 0.800
758.874 0.798
759.339 0.796
759.804 0.795
760.270 0.793
760.736 0.791
761.203 0.790
761.671 0.788
762.139 0.786
762.608 0.785
763.077 0.783
763.547 0.782
764.017 0.780
764.488 0.778
764.960 0.777
765.432 0.775
765.905 0.773
766.378 0.772
766.852 0.770
767.327 0.768
767.802 0.766
768.278 0.765
768.754 0.763
769.231 0.761
769.708 0.760
770.186 0.758
770.665 0.756
771.144 0.754
771.624 0.753
772.105 0.751
772.586 0.749
773.067 0.748
773.550 0.746
774.032 0.744
774.516 0.742
775.000 0.740
775.485 0.739
775.970 0.737
776.456 0.735
776.942 0.733
777.429 0.732
777.917 0.730
778.406 0.728
778.894 0.726
779.384 0.724
779.874 0.722
780.365 0.721
780.856 0.719
781.348 0.717
781.841 0.715
782.334 0.713
782.828 0.712
783.323 0.710
783.818 0.708
784.314 0.706
784.810 0.704
785.307 0.702
785.805 0.701
786.303 0.699
786.802 0.697
787.302 0.695
787.802 0.693
788.303 0.691
788.804 0.689
789.306 0.688
789.809 0.686
790.312 0.684
790.816 0.682
791.321 0.680
791.826 0.678
792.332 0.676
792.839 0.674
793.346 0.672
793.854 0.671
794.363 0.669
794.872 0.667
795.382 0.665
795.892 0.663
796.403 0.661
796.915 0.659
797.428 0.657
797.941 0.655
798.455 0.653
798.969 0.651
799.484 0.650
800.000 0.648
800.516 0.646
801.034 0.644
801.551 0.642
802.070 0.640
802.589 0.638
803.109 0.636
803.629 0.634
804.150 0.632
804.672 0.630
805.195 0.628
805.718 0.627
806.242 0.625
806.766 0.623
807.292 0.621
807.818 0.619
808.344 0.617
808.871 0.615
809.399 0.613
809.928 0.611
810.458 0.609
810.988 0.607
811.518 0.606
812.050 0.604
812.582 0.602
813.115 0.600
813.648 0.598
814.183 0.596
814.717 0.594
815.253 0.592
815.789 0.590
816.327 0.588
816.864 0.586
817.403 0.585
817.942 0.583
818.482 0.581
819.022 0.579
819.564 0.577
820.106 0.575
820.649 0.573
821.192 0.571
821.736 0.569
822.281 0.568
822.827 0.566
823.373 0.564
823.920 0.562
824.468 0.560
825.017 0.558
825.566 0.556
826.116 0.554
826.667 0.552
827.218 0.551
827.770 0.549
828.323 0.547
828.877 0.545
829.431 0.543
829.987 0.541
830.543 0.539
831.099 0.538
831.657 0.536
832.215 0.534
832.774 0.532
833.333 0.530
833.894 0.528
834.455 0.526
835.017 0.525
835.580 0.523
836.143 0.521
836.707 0.519
837.272 0.517
837.838 0.515
838.404 0.514
838.972 0.512
839.540 0.510
840.108 0.508
840.678 0.506
841.248 0.505
841.819 0.503
842.391 0.501
842.964 0.499
843.537 0.497
844.112 0.496
844.687 0.494
845.262 0.492
845.839 0.490
846.416 0.488
846.995 0.487
847.573 0.485
848.153 0.483
848.734 0.481
849.315 0.479
849.897 0.478
850.480 0.476
851.064 0.474
851.648 0.472
852.234 0.470
852.820 0.469
853.407 0.467
853.994 0.465
854.583 0.463
855.172 0.462
855.763 0.460
856.354 0.458
856.945 0.456
857.538 0.455
858.131 0.453
858.726 0.451
859.321 0.449
859.917 0.448
860.514 0.446
861.111 0.444
861.710 0.442
862.309 0.441
862.909 0.439
863.510 0.437
864.111 0.436
864.714 0.434
865.318 0.432
865.922 0.430
866.527 0.429
867.133 0.427
867.740 0.425
868.347 0.424
868.956 0.422
869.565 0.420
870.175 0.419
870.787 0.417
871.398 0.415
872.011 0.413
872.625 0.412
873.239 0.410
873.855 0.408
874.471 0.407
875.088 0.405
875.706 0.403
876.325 0.402
876.945 0.400
877.565 0.398
878.187 0.397
878.809 0.395
879.433 0.393
880.057 0.392
880.682 0.390
881.308 0.389
881.935 0.387
882.562 0.385
883.191 0.384
883.820 0.382
884.451 0.380
885.082 0.379
885.714 0.377
886.347 0.376
886.981 0.374
887.616 0.372
888.252 0.371
888.889 0.369
889.527 0.368
890.165 0.366
890.805 0.364
891.445 0.363
892.086 0.361
892.729 0.360
893.372 0.358
894.016 0.357
894.661 0.355
895.307 0.353
895.954 0.352
896.602 0.350
897.250 0.349
897.900 0.347
898.551 0.346
899.202 0.344
899.855 0.343
900.508 0.341
901.163 0.340
901.818 0.338
902.475 0.337
903.132 0.335
903.790 0.334
904.449 0.332
905.109 0.331
905.771 0.329
906.433 0.328
907.096 0.326
907.760 0.325
908.425 0.323
909.091 0.322
909.758 0.320
910.426 0.319
911.095 0.317
911.765 0.316
912.436 0.314
913.108 0.313
913.780 0.311
914.454 0.310
915.129 0.309
915.805 0.307
916.482 0.306
917.160 0.304
917.839 0.303
918.519 0.301
919.199 0.300
919.881 0.299
920.564 0.297
921.248 0.296
921.933 0.294
922.619 0.293
923.306 0.292
923.994 0.290
924.683 0.289
925.373 0.288
926.064 0.286
926.756 0.285
927.450 0.283
928.144 0.282
928.839 0.281
929.535 0.279
930.233 0.278
930.931 0.277
931.630 0.275
932.331 0.274
933.032 0.273
933.735 0.271
934.439 0.270
935.143 0.269
935.849 0.267
936.556 0.266
937.264 0.265
937.973 0.264
938.683 0.262
939.394 0.261
940.106 0.260
940.819 0.258
941.534 0.257
942.249 0.256
942.966 0.255
943.683 0.253
944.402 0.252
945.122 0.251
945.843 0.250
946.565 0.248
947.288 0.247
948.012 0.246
948.738 0.245
949.464 0.243
950.192 0.242
950.920 0.241
951.650 0.240
952.381 0.239
953.113 0.237
953.846 0.236
954.580 0.235
955.316 0.234
956.052 0.233
956.790 0.231
957.529 0.230
958.269 0.229
959.010 0.228
959.752 0.227
960.496 0.226
961.240 0.224
961.986 0.223
962.733 0.222
963.481 0.221
964.230 0.220
964.981 0.219
965.732 0.218
966.485 0.216
967.239 0.215
967.994 0.214
968.750 0.213
969.507 0.212
970.266 0.211
971.026 0.210
971.787 0.209
972.549 0.207
973.312 0.206
974.077 0.205
974.843 0.204
975.610 0.203
976.378 0.202
977.147 0.201
977.918 0.200
978.690 0.199
979.463 0.198
980.237 0.197
981.013 0.196
981.789 0.195
982.567 0.194
983.347 0.193
984.127 0.191
984.909 0.190
985.692 0.189
986.476 0.188
987.261 0.187
988.048 0.186
988.836 0.185
989.625 0.184
990.415 0.183
991.207 0.182
992.000 0.181
992.794 0.180
993.590 0.179
994.387 0.178
995.185 0.177
995.984 0.176
996.785 0.175
997.586 0.174
998.390 0.173
999.194 0.173
1000.000 0.172
1000.807 0.171
1001.616 0.170
1002.425 0.169
1003.236 0.168
1004.049 0.167
1004.862 0.166
1005.677 0.165
1006.494 0.164
1007.311 0.163
1008.130 0.162
1008.950 0.161
1009.772 0.160
1010.595 0.159
1011.419 0.159
1012.245 0.158
1013.072 0.157
1013.900 0.156
1014.730 0.155
1015.561 0.154
1016.393 0.153
1017.227 0.152
1018.062 0.151
1018.899 0.151
1019.737 0.150
1020.576 0.149
1021.417 0.148
1022.259 0.147
1023.102 0.146
1023.947 0.145
1024.793 0.145
1025.641 0.144
1026.490 0.143
1027.341 0.142
1028.192 0.141
1029.046 0.140
1029.900 0.140
1030.756 0.139
1031.614 0.138
1032.473 0.137
1033.333 0.136
1034.195 0.136
1035.058 0.135
1035.923 0.134
1036.789 0.133
1037.657 0.132
1038.526 0.132
1039.396 0.131
1040.268 0.130
1041.142 0.129
1042.017 0.129
1042.893 0.128
1043.771 0.127
1044.650 0.126
1045.531 0.126
1046.414 0.125
1047.297 0.124
1048.183 0.123
1049.069 0.123
1049.958 0.122
1050.847 0.121
1051.739 0.120
1052.632 0.120
1053.526 0.119
1054.422 0.118
1055.319 0.117
1056.218 0.117
1057.118 0.116
1058.020 0.115
1058.924 0.115
1059.829 0.114
1060.736 0.113
1061.644 0.113
1062.554 0.112
1063.465 0.111
1064.378 0.111
1065.292 0.110
1066.208 0.109
1067.126 0.108
1068.045 0.108
1068.966 0.107
1069.888 0.106
1070.812 0.106
1071.737 0.105
1072.664 0.105
1073.593 0.104
1074.523 0.103
1075.455 0.103
1076.389 0.102
1077.324 0.101
1078.261 0.101
1079.199 0.100
1080.139 0.099
1081.081 0.099
1082.024 0.098
1082.969 0.098
1083.916 0.097
1084.864 0.096
1085.814 0.096
1086.766 0.095
1087.719 0.095
1088.674 0.094
1089.631 0.093
1090.589 0.093
1091.549 0.092
1092.511 0.092
1093.474 0.091
1094.440 0.090
1095.406 0.090
1096.375 0.089
1097.345 0.089
1098.317 0.088
1099.291 0.088
1100.266 0.087
1101.243 0.086
1102.222 0.086
1103.203 0.085
1104.185 0.085
1105.169 0.084
1106.155 0.084
1107.143 0.083
1108.132 0.083
1109.123 0.082
1110.116 0.082
1111.111 0.081
1112.108 0.080
1113.106 0.080
1114.106 0.079
1115.108 0.079
1116.112 0.078
1117.117 0.078
1118.124 0.077
1119.134 0.077
1120.145 0.076
1121.157 0.076
1122.172 0.075
1123.188 0.075
1124.207 0.074
1125.227 0.074
1126.249 0.073
1127.273 0.073
1128.298 0.072
1129.326 0.072
1130.356 0.071
1131.387 0.071
1132.420 0.070
1133.455 0.070
1134.492 0.070
1135.531 0.069
1136.572 0.069
1137.615 0.068
1138.659 0.068
1139.706 0.067
1140.754 0.067
1141.805 0.066
1142.857 0.066
1143.911 0.065
1144.968 0.065
1146.026 0.065
1147.086 0.064
1148.148 0.064
1149.212 0.063
1150.278 0.063
1151.346 0.062
1152.416 0.062
1153.488 0.062
1154.562 0.061
1155.638 0.061
1156.716 0.060
1157.796 0.060
1158.879 0.059
1159.963 0.059
1161.049 0.059
1162.137 0.058
1163.227 0.058
1164.319 0.057
1165.414 0.057
1166.510 0.057
1167.608 0.056
1168.709 0.056
1169.811 0.055
1170.916 0.055
1172.023 0.055
1173.132 0.054
1174.242 0.054
1175.355 0.054
1176.471 0.053
1177.588 0.053
1178.707 0.052
1179.829 0.052
1180.952 0.052
1182.078 0.051
1183.206 0.051
1184.336 0.051
1185.468 0.050
1186.603 0.050
1187.739 0.050
1188.878 0.049
1190.019 0.049
1191.162 0.049
1192.308 0.048
1193.455 0.048
1194.605 0.048
1195.757 0.047
1196.911 0.047
1198.068 0.047
1199.226 0.046
1200.387 0.046
1201.550 0.046
1202.716 0.045
1203.883 0.045
1205.053 0.045
1206.226 0.044
1207.400 0.044
1208.577 0.044
1209.756 0.043
1210.938 0.043
1212.121 0.043
1213.307 0.042
1214.496 0.042
1215.686 0.042
1216.879 0.041
1218.075 0.041
1219.272 0.041
1220.472 0.041
1221.675 0.040
1222.880 0.040
1224.087 0.040
1225.296 0.039
1226.508 0.039
1227.723 0.039
1228.940 0.039
1230.159 0.038
1231.380 0.038
1232.604 0.038
1233.831 0.037
1235.060 0.037
1236.291 0.037
1237.525 0.037
1238.761 0.036
>>>>>>> cbf1fbc04ec25b207980f441260079819b4adc8e
